Date,Cases,Cases Moving Average,Cases Cumulative,Rate of Cases,Rate of Daily Cases,Deaths,Deaths Moving Average,Deaths Cumulative,Face_Masks_Required_in_Public_Color,Rate of Infection,Rate of Daily Infection
2020-02-01,0.0,,0.0,,,0.0,,0.0,green,,0.0
2020-02-02,0.0,,0.0,,0.0,0.0,,0.0,green,,0.0
2020-02-03,0.0,,0.0,,0.0,0.0,,0.0,green,,0.0
2020-02-04,0.0,,0.0,,0.0,0.0,,0.0,green,,0.0
2020-02-05,0.0,,0.0,,0.0,0.0,,0.0,green,,0.0
2020-02-06,0.0,,0.0,,0.0,0.0,,0.0,green,,0.0
2020-02-07,0.0,0.0,0.0,,0.0,0.0,0.0,0.0,green,0.0,0.0
2020-02-08,0.0,0.0,0.0,0.0,0.0,0.0,0.0,0.0,green,0.0,0.0
2020-02-09,0.0,0.0,0.0,0.0,0.0,0.0,0.0,0.0,green,0.0,0.0
2020-02-10,0.0,0.0,0.0,0.0,0.0,0.0,0.0,0.0,green,0.0,0.0
2020-02-11,0.0,0.0,0.0,0.0,0.0,0.0,0.0,0.0,green,0.0,0.0
2020-02-12,0.0,0.0,0.0,0.0,0.0,0.0,0.0,0.0,green,0.0,0.0
2020-02-13,0.0,0.0,0.0,0.0,0.0,0.0,0.0,0.0,green,0.0,0.0
2020-02-14,0.0,0.0,0.0,0.0,0.0,0.0,0.0,0.0,green,0.0,0.0
2020-02-15,0.0,0.0,0.0,0.0,0.0,0.0,0.0,0.0,green,0.0,0.0
2020-02-16,0.0,0.0,0.0,0.0,0.0,0.0,0.0,0.0,green,0.0,0.0
2020-02-17,0.0,0.0,0.0,0.0,0.0,0.0,0.0,0.0,green,0.0,0.0
2020-02-18,0.0,0.0,0.0,0.0,0.0,0.0,0.0,0.0,green,0.0,0.0
2020-02-19,0.0,0.0,0.0,0.0,0.0,0.0,0.0,0.0,green,0.0,0.0
2020-02-20,0.0,0.0,0.0,0.0,0.0,0.0,0.0,0.0,green,0.0,0.0
2020-02-21,0.0,0.0,0.0,0.0,0.0,0.0,0.0,0.0,green,0.0,0.0
2020-02-22,0.0,0.0,0.0,0.0,0.0,0.0,0.0,0.0,green,0.0,0.0
2020-02-23,0.0,0.0,0.0,0.0,0.0,0.0,0.0,0.0,green,0.0,0.0
2020-02-24,0.0,0.0,0.0,0.0,0.0,0.0,0.0,0.0,green,0.0,0.0
2020-02-25,0.0,0.0,0.0,0.0,0.0,0.0,0.0,0.0,green,0.0,0.0
2020-02-26,0.0,0.0,0.0,0.0,0.0,0.0,0.0,0.0,green,0.0,0.0
2020-02-27,0.0,0.0,0.0,0.0,0.0,0.0,0.0,0.0,green,0.0,0.0
2020-02-28,0.0,0.0,0.0,0.0,0.0,0.0,0.0,0.0,green,0.0,0.0
2020-02-29,0.0,0.0,0.0,0.0,0.0,0.0,0.0,0.0,green,0.0,0.0
2020-03-01,0.0,0.0,0.0,0.0,0.0,0.0,0.0,0.0,green,0.0,0.0
2020-03-02,0.0,0.0,0.0,0.0,0.0,0.0,0.0,0.0,green,0.0,0.0
2020-03-03,0.0,0.0,0.0,0.0,0.0,0.0,0.0,0.0,green,0.0,0.0
2020-03-04,0.0,0.0,0.0,0.0,0.0,0.0,0.0,0.0,green,0.0,0.0
2020-03-05,0.0,0.0,0.0,0.0,0.0,0.0,0.0,0.0,green,0.0,0.0
2020-03-06,0.0,0.0,0.0,0.0,0.0,0.0,0.0,0.0,green,0.0,0.0
2020-03-07,0.0,0.0,0.0,0.0,0.0,0.0,0.0,0.0,green,0.0,0.0
2020-03-08,0.0,0.0,0.0,0.0,0.0,0.0,0.0,0.0,green,0.0,0.0
2020-03-09,0.0,0.0,0.0,0.0,0.0,0.0,0.0,0.0,green,0.0,0.0
2020-03-10,1.0,0.0,1.0,0.0,6.235203083682038e-05,0.0,0.0,0.0,green,0.0,6.235206971460211e-05
2020-03-11,0.0,0.0,1.0,0.0,-6.235203083682038e-05,0.0,0.0,0.0,green,0.0,0.0
2020-03-12,0.0,0.0,1.0,0.0,0.0,0.0,0.0,0.0,green,0.0,0.0
2020-03-13,2.0,0.0,3.0,0.0,0.00012470406167364075,0.0,0.0,0.0,green,0.0,0.00012470429494062203
2020-03-14,1.0,1.0,4.0,6.235203083682038e-05,-6.235203083682038e-05,0.0,0.0,0.0,green,6.235218634823821e-05,6.235218634823821e-05
2020-03-15,0.0,1.0,4.0,0.0,-6.235203083682038e-05,0.0,0.0,0.0,green,6.235218634823821e-05,0.0
2020-03-16,6.0,1.0,10.0,0.0,0.0003741121850209222,0.0,0.0,0.0,green,6.235241961681944e-05,0.00037411451770091663
2020-03-17,9.0,3.0,19.0,0.00012470406167364075,0.0001870560925104611,0.0,0.0,0.0,green,0.0001870583085688917,0.0005611749257066752
2020-03-18,15.0,5.0,34.0,0.00012470406167364075,0.0003741121850209222,0.0,0.0,0.0,green,0.00031176676354299234,0.0009353002906289771
2020-03-19,10.0,6.0,44.0,6.235203083682038e-05,-0.00031176015418410186,0.0,0.0,0.0,green,0.00037412244903049286,0.0006235374150508214
2020-03-20,23.0,9.0,67.0,0.0001870560925104611,0.0008105764008786648,0.0,0.0,0.0,green,0.0005611917217985571,0.0014341566223740904
2020-03-21,18.0,12.0,85.0,0.0001870560925104611,-0.00031176015418410186,0.0,0.0,0.0,green,0.0007482640274563013,0.001122396041184452
2020-03-22,11.0,13.0,96.0,6.235203083682038e-05,-0.0004364642158577426,0.0,0.0,0.0,green,0.0008106249232244665,0.0006859133965745485
2020-03-23,79.0,24.0,175.0,0.0006858723392050241,0.004239938096903785,0.0,0.0,0.0,green,0.0014966120444842987,0.004926347979760816
2020-03-24,77.0,33.0,252.0,0.0005611682775313833,-0.00012470406167364075,0.0,0.0,0.0,green,0.002057940375854747,0.004801860876994409
2020-03-25,90.0,44.0,342.0,0.0006858723392050241,0.0008105764008786648,1.0,0.0,1.0,green,0.0027440762254483135,0.005612883188417004
2020-03-26,133.0,62.0,475.0,0.0011223365550627666,0.002681137325983276,0.0,0.0,1.0,green,0.0038669736128947355,0.008295282105080641
2020-03-27,162.0,81.0,637.0,0.001184688585899587,0.0018082088942677906,1.0,0.0,2.0,green,0.005052527573701407,0.010105055147402814
2020-03-28,166.0,103.0,803.0,0.0013717446784100482,0.0002494081233472815,3.0,1.0,5.0,green,0.006425496369594551,0.010355654343230054
2020-03-29,87.0,113.0,890.0,0.0006235203083682037,-0.004925810436108809,3.0,1.0,8.0,green,0.007049726776297197,0.00542766574812262
2020-03-30,182.0,128.0,1072.0,0.0009352804625523056,0.005923442929497935,0.0,1.0,8.0,green,0.007986438029920441,0.011355716573793128
2020-03-31,243.0,152.0,1315.0,0.0014964487400836888,0.0038034738810460425,2.0,1.0,10.0,green,0.009485345141755988,0.015164071509517795
2020-04-01,360.0,190.0,1675.0,0.002369377171799174,0.007295187607907983,0.0,1.0,10.0,green,0.011859345663723883,0.022470339152318938
2020-04-02,425.0,232.0,2100.0,0.0026187852951464557,0.004052882004393324,3.0,2.0,13.0,green,0.014484754795577655,0.026534572362588375
2020-04-03,330.0,256.0,2430.0,0.0014964487400836888,-0.005923442929497935,1.0,2.0,14.0,green,0.01598648143163937,0.020607573720472627
2020-04-04,578.0,315.0,3008.0,0.003678769819372402,0.015463303647531451,10.0,3.0,24.0,green,0.019678091412543376,0.03610773598873039
2020-04-05,181.0,328.0,3189.0,0.0008105764008786648,-0.024753756242217685,4.0,3.0,28.0,green,0.020492571442851965,0.01130840070474453
2020-04-06,539.0,379.0,3728.0,0.003179953572677839,0.022322027039581693,17.0,5.0,45.0,green,0.023687144692829606,0.033686994695079575
2020-04-07,544.0,422.0,4272.0,0.002681137325983276,0.00031176015418410186,20.0,8.0,65.0,green,0.02638390456779163,0.03401147887412002
2020-04-08,505.0,443.0,4777.0,0.0013093926475732278,-0.0024317292026359945,22.0,11.0,87.0,green,0.027705976423027103,0.03158356228810087
2020-04-09,252.0,418.0,5029.0,-0.0015588007709205094,-0.015775063801715554,0.0,11.0,87.0,green,0.026146554565920282,0.015762994618688783
2020-04-10,492.0,442.0,5521.0,0.0014964487400836888,0.01496448740083689,23.0,14.0,110.0,green,0.0276567014940876,0.030785287635952712
2020-04-11,501.0,431.0,6022.0,-0.0006858723392050241,0.0005611682775313833,27.0,16.0,137.0,green,0.026977325276439347,0.03135879341878448
2020-04-12,364.0,457.0,6386.0,0.0016211528017573296,-0.00854222822464439,39.0,21.0,176.0,green,0.028611945017483337,0.022789382902328084
2020-04-13,427.0,441.0,6813.0,-0.000997632493389126,0.003928177942719683,14.0,21.0,190.0,green,0.027617839245387948,0.026741082443947056
2020-04-14,317.0,408.0,7130.0,-0.0020576170176150725,-0.006858723392050241,16.0,20.0,206.0,green,0.02555652784502722,0.019856419918807912
2020-04-15,311.0,381.0,7441.0,-0.0016835048325941498,-0.0003741121850209222,16.0,19.0,222.0,green,0.023870176313517538,0.01948457961549594
2020-04-16,604.0,431.0,8045.0,0.003117601541841019,0.018269145035188367,42.0,25.0,264.0,green,0.027013678573577487,0.03785675605206683
2020-04-17,518.0,435.0,8563.0,0.0002494081233472815,-0.005362274651966552,34.0,27.0,298.0,green,0.027273821645508033,0.03247779221235209
2020-04-18,451.0,427.0,9014.0,-0.000498816246694563,-0.004177586066066965,44.0,29.0,342.0,green,0.02678054565832163,0.028285775390873666
2020-04-19,200.0,404.0,9214.0,-0.0014340967092468684,-0.015650359740041912,23.0,27.0,365.0,blue,0.025341578127959917,0.01254533570691085
2020-04-20,339.0,391.0,9553.0,-0.0008105764008786648,0.008666932286318032,5.0,26.0,370.0,blue,0.024531424692290606,0.02126893342886577
2020-04-21,475.0,414.0,10028.0,0.0014340967092468684,0.00847987619380757,24.0,27.0,394.0,blue,0.0259825841374441,0.029810935906487798
2020-04-22,0.0,370.0,10028.0,-0.0027434893568200965,-0.029617214647489676,0.0,25.0,394.0,blue,0.02322115007452734,0.0
2020-04-23,1198.0,454.0,11226.0,0.005237570590292911,0.07469773294251081,49.0,26.0,443.0,blue,0.028515295252643,0.07524520641556458
2020-04-24,651.0,473.0,11877.0,0.001184688585899587,-0.03410656086774074,6.0,22.0,449.0,blue,0.029720931138550434,0.04090555215897745
2020-04-25,0.0,409.0,11877.0,-0.003990529973556504,-0.04059117207477006,0.0,15.0,449.0,blue,0.025699494367160947,0.0
2020-04-26,689.0,479.0,12566.0,0.004364642158577426,0.04296054924656924,23.0,15.0,472.0,blue,0.030111412225233364,0.04331265766844632
2020-04-27,302.0,474.0,12868.0,-0.00031176015418410186,-0.024130235933849484,12.0,16.0,484.0,blue,0.029802979669212075,0.01898839632932921
2020-04-28,577.0,488.0,13445.0,0.0008729284317154852,0.017146808480125602,32.0,17.0,516.0,blue,0.03069498992348896,0.03629305161035478
2020-04-29,358.0,539.0,13803.0,0.003179953572677839,-0.013655094753263663,25.0,21.0,541.0,blue,0.03391103731912803,0.022523471911406
2020-04-30,665.0,463.0,14468.0,-0.004738754343598348,0.01914207346690385,0.0,14.0,541.0,blue,0.02914171053658512,0.04185580455038683
2020-05-01,669.0,466.0,15137.0,0.0001870560925104611,0.0002494081233472815,97.0,27.0,638.0,blue,0.029344681622798678,0.04212787984045561
2020-05-02,0.0,466.0,15137.0,0.0,-0.04171350862983283,0.0,27.0,638.0,blue,0.029344681622798678,0.0
2020-05-03,0.0,367.0,15137.0,-0.006172851052845217,0.0,0.0,24.0,638.0,blue,0.023110511063448743,0.0
2020-05-04,903.0,453.0,16040.0,0.005362274651966552,0.05630388384564879,88.0,35.0,726.0,blue,0.02854386587281534,0.056898699521307404
2020-05-05,370.0,424.0,16410.0,-0.0018082088942677906,-0.03323363243602526,17.0,32.0,743.0,blue,0.026723070833785022,0.023319660869104853
2020-05-06,287.0,413.0,16697.0,-0.0006858723392050241,-0.0051752185594560905,60.0,37.0,803.0,blue,0.026035477593414097,0.018092450531016577
2020-05-07,350.0,368.0,17047.0,-0.002805841387656917,0.003928177942719683,13.0,39.0,816.0,blue,0.02320399209550965,0.022069014221272765
2020-05-08,470.0,340.0,17517.0,-0.0017458568634309704,0.007482243700418445,59.0,34.0,875.0,blue,0.021445624304199874,0.029645421832276295
2020-05-09,364.0,392.0,17881.0,0.0032423056035146593,-0.006609315268702959,16.0,36.0,891.0,blue,0.02473147111244302,0.022964937461554234
2020-05-10,330.0,439.0,18211.0,0.0029305454493305577,-0.0021199690484518924,3.0,37.0,894.0,blue,0.027702544090586687,0.020824235876750814
2020-05-11,102.0,325.0,18313.0,-0.007108131515397523,-0.014216263030795045,-1.0,24.0,893.0,blue,0.020510024353287377,0.006436992258570192
2020-05-12,224.0,304.0,18537.0,-0.0013093926475732278,0.007606947762092085,15.0,24.0,908.0,blue,0.01918765526852619,0.014138272303124559
2020-05-13,242.0,297.0,18779.0,-0.0004364642158577426,0.0011223365550627666,78.0,26.0,986.0,blue,0.01874962121977334,0.015277469142037535
2020-05-14,314.0,292.0,19093.0,-0.00031176015418410186,0.0044893462202510665,22.0,27.0,1008.0,blue,0.018437882017760983,0.019827037512249825
2020-05-15,256.0,262.0,19349.0,-0.0018705609251046112,-0.0036164177885355813,13.0,21.0,1021.0,blue,0.016546389571480087,0.016167464619461457
2020-05-16,257.0,246.0,19606.0,-0.000997632493389126,6.235203083682038e-05,10.0,20.0,1031.0,blue,0.015538543166830895,0.016233356072664795
2020-05-17,0.0,199.0,19606.0,-0.0029305454493305577,-0.016024471925062834,0.0,20.0,1031.0,blue,0.012569797114631498,0.0
2020-05-18,347.0,234.0,19953.0,0.002182321079288713,0.021636154700376668,49.0,27.0,1080.0,blue,0.014784263478320205,0.02192367276485945
2020-05-19,179.0,228.0,20132.0,-0.0003741121850209222,-0.010475141180585823,29.0,29.0,1109.0,blue,0.014407073114632279,0.011310816173329727
2020-05-20,227.0,226.0,20359.0,-0.00012470406167364075,0.0029928974801673777,43.0,24.0,1152.0,blue,0.014283132126556136,0.01434633182623116
2020-05-21,341.0,230.0,20700.0,0.0002494081233472815,0.007108131515397523,26.0,24.0,1178.0,blue,0.014539303213375652,0.02155609737287434
2020-05-22,309.0,237.0,21009.0,0.0004364642158577426,-0.001995264986778252,43.0,29.0,1221.0,blue,0.014985138157283253,0.019537585192407277
2020-05-23,225.0,233.0,21234.0,-0.0002494081233472815,-0.005237570590292911,12.0,29.0,1233.0,blue,0.014734432408162749,0.014228529149513386
2020-05-24,0.0,233.0,21234.0,0.0,-0.014029206938284583,0.0,29.0,1233.0,blue,0.014734432408162749,0.0
2020-05-25,0.0,183.0,21234.0,-0.003117601541841019,0.0,0.0,22.0,1233.0,blue,0.011572537041604219,0.0
2020-05-26,504.0,229.0,21738.0,0.002868193418493737,0.031425423541757466,10.0,19.0,1243.0,blue,0.014486189411038351,0.03188226839809314
2020-05-27,237.0,231.0,21975.0,0.00012470406167364075,-0.01664799223343104,19.0,16.0,1262.0,blue,0.014615073138634407,0.014994685427949586
2020-05-28,175.0,207.0,22150.0,-0.0014964487400836888,-0.003865825911882863,20.0,15.0,1282.0,blue,0.013098239963552723,0.011073391273534912
2020-05-29,255.0,199.0,22405.0,-0.000498816246694563,0.00498816246694563,18.0,11.0,1300.0,blue,0.012594203375499656,0.016138300807801063
2020-05-30,224.0,199.0,22629.0,0.0,-0.0019329129559414314,8.0,11.0,1308.0,blue,0.012596052814806375,0.014178471510133808
2020-05-31,0.0,199.0,22629.0,0.0,-0.013966854907447764,8.0,12.0,1316.0,blue,0.012596116598263634,0.0
2020-06-01,252.0,235.0,22881.0,0.0022446731101255332,0.015712711770878733,4.0,12.0,1320.0,blue,0.014877221770629959,0.015953446324249998
2020-06-02,153.0,185.0,23034.0,-0.003117601541841019,-0.006172851052845217,26.0,15.0,1346.0,blue,0.011713182775669757,0.00968711872798634
2020-06-03,126.0,169.0,23160.0,-0.000997632493389126,-0.0016835048325941498,13.0,14.0,1359.0,blue,0.010701092524558692,0.007978329337836657
2020-06-04,121.0,162.0,23281.0,-0.0004364642158577426,-0.00031176015418410186,35.0,16.0,1394.0,blue,0.010258865369490134,0.007662485862396953
2020-06-05,126.0,143.0,23407.0,-0.001184688585899587,0.00031176015418410186,17.0,16.0,1411.0,blue,0.009056485235079124,0.007979840137202585
2020-06-06,122.0,129.0,23529.0,-0.0008729284317154852,-0.0002494081233472815,3.0,15.0,1414.0,blue,0.00817048314790348,0.007727123597242051
2020-06-07,0.0,129.0,23529.0,0.0,-0.007606947762092085,6.0,15.0,1420.0,blue,0.008170514197693508,0.0
2020-06-08,162.0,116.0,23691.0,-0.0008105764008786648,0.010101028995564901,1.0,14.0,1421.0,blue,0.007347887640662957,0.010261705153339648
2020-06-09,131.0,113.0,23822.0,-0.0001870560925104611,-0.0019329129559414314,15.0,13.0,1436.0,blue,0.007158518098064096,0.008298813016339793
2020-06-10,129.0,113.0,23951.0,0.0,-0.00012470406167364075,18.0,14.0,1454.0,blue,0.007159184790597012,0.008172874672451456
2020-06-11,156.0,118.0,24107.0,0.00031176015418410186,0.0016835048325941498,17.0,11.0,1471.0,blue,0.007476782373042018,0.009884559747411481
2020-06-12,121.0,117.0,24228.0,-6.235203083682038e-05,-0.002182321079288713,16.0,11.0,1487.0,blue,0.00741406340101465,0.007667535654040791
2020-06-13,110.0,116.0,24338.0,-6.235203083682038e-05,-0.0006858723392050241,15.0,13.0,1502.0,blue,0.007351277633040698,0.006971039134779972
2020-06-14,0.0,116.0,24338.0,0.0,-0.006858723392050241,3.0,12.0,1505.0,blue,0.007351291609261107,0.0
2020-06-15,137.0,112.0,24475.0,-0.0002494081233472815,0.00854222822464439,4.0,13.0,1509.0,blue,0.007098433084275512,0.008682904754872727
2020-06-16,116.0,110.0,24591.0,-0.00012470406167364075,-0.0013093926475732278,9.0,12.0,1518.0,blue,0.006972227715492544,0.0073525310454285
2020-06-17,64.0,101.0,24655.0,-0.0005611682775313833,-0.0032423056035146593,10.0,11.0,1528.0,blue,0.0064020730039160405,0.004056759131194322
2020-06-18,68.0,88.0,24723.0,-0.0008105764008786648,0.0002494081233472815,12.0,10.0,1540.0,blue,0.005578326679488366,0.004310525161422828
2020-06-19,118.0,88.0,24841.0,0.0,0.003117601541841019,10.0,9.0,1550.0,blue,0.005578779337722818,0.007480635930128324
2020-06-20,0.0,72.0,24841.0,-0.000997632493389126,-0.007357539638744804,2.0,7.0,1552.0,blue,0.00456446160907415,0.0
2020-06-21,0.0,72.0,24841.0,0.0,0.0,1.0,7.0,1553.0,blue,0.00456446450273012,0.0
2020-06-22,275.0,92.0,25116.0,0.0012470406167364074,0.017146808480125602,0.0,6.0,1553.0,blue,0.00583338828554182,0.017436758462217396
2020-06-23,219.0,106.0,25335.0,0.0008729284317154852,-0.003491713726861941,11.0,7.0,1564.0,blue,0.006722058116631513,0.013888025731531145
2020-06-24,108.0,113.0,25443.0,0.0004364642158577426,-0.006921075422887061,12.0,7.0,1576.0,blue,0.007166512977730537,0.006849410633583167
2020-06-25,0.0,103.0,25443.0,-0.0006235203083682037,-0.006734019330376599,7.0,6.0,1583.0,blue,0.0065323372893083395,0.0
2020-06-26,250.0,122.0,25693.0,0.001184688585899587,0.015588007709205093,4.0,5.0,1587.0,blue,0.007738578144098668,0.015857742098562843
2020-06-27,89.0,134.0,25782.0,0.0007482243700418444,-0.01003867696472808,4.0,6.0,1591.0,blue,0.008500251201453417,0.005645689230816074
2020-06-28,0.0,134.0,25782.0,0.0,-0.005549330744477013,1.0,6.0,1592.0,blue,0.008500256593566574,0.0
2020-06-29,209.0,125.0,25991.0,-0.0005611682775313833,0.013031574444895456,3.0,6.0,1595.0,blue,0.00793041033211924,0.01325964607530337
2020-06-30,142.0,114.0,26133.0,-0.0006858723392050241,-0.004177586066066965,11.0,6.0,1606.0,blue,0.00723323634028697,0.009009820704567979
2020-07-01,124.0,116.0,26257.0,0.00012470406167364075,-0.0011223365550627666,5.0,5.0,1611.0,blue,0.007360737698208485,0.007868374780843552
2020-07-02,143.0,137.0,26400.0,0.0013093926475732278,0.001184688585899587,4.0,5.0,1615.0,blue,0.008694096010742601,0.009074859339680235
2020-07-03,136.0,120.0,26536.0,-0.0010599845242259462,-0.0004364642158577426,4.0,5.0,1619.0,blue,0.007615943215527385,0.008631402310931036
2020-07-04,29.0,112.0,26565.0,-0.000498816246694563,-0.00667166729953978,0.0,4.0,1619.0,blue,0.007108344498300027,0.0018405534861669712
2020-07-05,0.0,112.0,26565.0,0.0,-0.0018082088942677906,0.0,4.0,1619.0,blue,0.007108344498300027,0.0
2020-07-06,245.0,117.0,26810.0,0.00031176015418410186,0.01527624755502099,0.0,3.0,1619.0,blue,0.0074268361424124395,0.015551921836675623
2020-07-07,91.0,110.0,26901.0,-0.0004364642158577426,-0.009602212748870338,2.0,2.0,1621.0,blue,0.006982907746266525,0.0057767691355477616
2020-07-08,68.0,102.0,26969.0,-0.000498816246694563,-0.0014340967092468684,7.0,2.0,1628.0,blue,0.006475368207211783,0.004316912138141189
2020-07-09,259.0,118.0,27228.0,0.000997632493389126,0.01190923788983269,5.0,3.0,1633.0,blue,0.007492367943840258,0.01644511269029345
2020-07-10,113.0,115.0,27341.0,-0.0001870560925104611,-0.009103396502175775,2.0,2.0,1635.0,blue,0.007302417227100731,0.007175418666629413
2020-07-11,26.0,115.0,27367.0,0.0,-0.005424626682803372,1.0,2.0,1636.0,blue,0.007302542427771505,0.0016510095923657315
2020-07-12,0.0,115.0,27367.0,0.0,-0.0016211528017573296,1.0,3.0,1637.0,blue,0.0073025470649158335,0.0
2020-07-13,208.0,109.0,27575.0,-0.0003741121850209222,0.012969222414058637,3.0,3.0,1640.0,blue,0.0069224721227601985,0.013209855059946067
2020-07-14,148.0,117.0,27723.0,0.000498816246694563,-0.0037411218502092225,6.0,4.0,1646.0,blue,0.007431270277205435,0.009400239325012005
2020-07-15,144.0,128.0,27867.0,0.0006858723392050241,-0.0002494081233472815,7.0,4.0,1653.0,blue,0.008130716513040589,0.009147056077170663
2020-07-16,157.0,114.0,28024.0,-0.0008729284317154852,0.0008105764008786648,11.0,4.0,1664.0,blue,0.007242192249710789,0.009973896343899946
2020-07-17,135.0,117.0,28159.0,0.0001870560925104611,-0.0013717446784100482,1.0,4.0,1665.0,blue,0.00743341848938959,0.008577021333911064
2020-07-18,37.0,118.0,28196.0,6.235203083682038e-05,-0.006110499022008397,0.0,4.0,1665.0,blue,0.007497128218682336,0.002350794441451241
2020-07-19,0.0,118.0,28196.0,0.0,-0.0023070251409623536,0.0,4.0,1665.0,blue,0.007497128218682336,0.0
2020-07-20,396.0,145.0,28592.0,0.0016835048325941498,0.024691404211380868,0.0,4.0,1665.0,blue,0.009214891264283081,0.025166185797628277
2020-07-21,150.0,146.0,28742.0,6.235203083682038e-05,-0.01533859958585781,1.0,3.0,1666.0,blue,0.009279332701576024,0.009533560994769888
2020-07-22,132.0,144.0,28874.0,-0.00012470406167364075,-0.0011223365550627666,7.0,3.0,1673.0,blue,0.00915302717304942,0.008390274908628636
2020-07-23,228.0,154.0,29102.0,0.0006235203083682037,0.005985794960334755,2.0,2.0,1675.0,blue,0.00979008531360059,0.014494412022733341
2020-07-24,201.0,163.0,29303.0,0.0005611682775313833,-0.0016835048325941498,1.0,2.0,1676.0,blue,0.010363563997868794,0.012779609592463971
2020-07-25,0.0,158.0,29303.0,-0.00031176015418410186,-0.012532758198200895,0.0,2.0,1676.0,blue,0.010045663261737848,0.0
2020-07-26,0.0,158.0,29303.0,0.0,0.0,0.0,2.0,1676.0,blue,0.010045663261737848,0.0
2020-07-27,500.0,173.0,29803.0,0.0009352804625523056,0.031176015418410186,2.0,2.0,1678.0,blue,0.011002877284210044,0.03180022336476891
2020-07-28,142.0,172.0,29945.0,-6.235203083682038e-05,-0.022322027039581693,0.0,2.0,1678.0,blue,0.010940264881622518,0.009032079146455799
2020-07-29,132.0,172.0,30077.0,0.0,-0.0006235203083682037,2.0,1.0,1680.0,blue,0.010941197425001908,0.008396732907559604
2020-07-30,136.0,159.0,30213.0,-0.0008105764008786648,0.0002494081233472815,11.0,2.0,1691.0,blue,0.010115192319070064,0.008651988398701438
2020-07-31,141.0,150.0,30354.0,-0.0005611682775313833,0.00031176015418410186,-1.0,2.0,1690.0,blue,0.00954348424975171,0.008970875194766609
2020-08-01,0.0,150.0,30354.0,0.0,-0.008791636347991672,0.0,2.0,1690.0,blue,0.00954348424975171,0.0
2020-08-02,0.0,150.0,30354.0,0.0,0.0,0.0,2.0,1690.0,blue,0.00954348424975171,0.0
2020-08-03,311.0,123.0,30665.0,-0.0016835048325941498,0.019391481590251135,2.0,2.0,1692.0,blue,0.007827215802066894,0.01979076515807158
2020-08-04,106.0,118.0,30771.0,-0.00031176015418410186,-0.012782166321548176,3.0,2.0,1695.0,blue,0.007509557184323354,0.006745873402866741
2020-08-05,106.0,114.0,30877.0,-0.0002494081233472815,0.0,0.0,2.0,1695.0,blue,0.0072554853696956195,0.006746328501646804
2020-08-06,109.0,110.0,30986.0,-0.0002494081233472815,0.0001870560925104611,0.0,1.0,1695.0,blue,0.007001392640645248,0.0069377436166393825
2020-08-07,134.0,109.0,31120.0,-6.235203083682038e-05,0.0015588007709205094,3.0,1.0,1698.0,blue,0.006938348634832165,0.008529713000619358
2020-08-08,0.0,109.0,31120.0,0.0,-0.00835517213213393,0.0,1.0,1698.0,blue,0.006938348634832165,0.0
2020-08-09,0.0,109.0,31120.0,0.0,0.0,0.0,1.0,1698.0,blue,0.006938348634832165,0.0
2020-08-10,328.0,112.0,31448.0,0.0001870560925104611,0.020451466114477082,1.0,1.0,1699.0,blue,0.007130805717378156,0.020883073886607453
2020-08-11,136.0,116.0,31584.0,0.0002494081233472815,-0.01197158992066951,1.0,1.0,1700.0,blue,0.007386121604851408,0.008659590847067168
2020-08-12,141.0,121.0,31725.0,0.00031176015418410186,0.00031176015418410186,9.0,2.0,1709.0,blue,0.007705224842918485,0.008978815726045506
2020-08-13,185.0,132.0,31910.0,0.0006858723392050241,0.0027434893568200965,0.0,2.0,1709.0,blue,0.008406690196907611,0.01178210368505991
2020-08-14,147.0,134.0,32057.0,0.00012470406167364075,-0.002369377171799174,6.0,2.0,1715.0,blue,0.008534895941147433,0.00936290823394532
2020-08-15,129.0,152.0,32186.0,0.0011223365550627666,-0.0011223365550627666,2.0,3.0,1717.0,blue,0.009682182363904824,0.008217115295682384
2020-08-16,0.0,152.0,32186.0,0.0,-0.008043411977949827,0.0,3.0,1717.0,blue,0.009682182363904824,0.0
2020-08-17,162.0,129.0,32348.0,-0.0014340967092468684,0.010101028995564901,0.0,3.0,1717.0,blue,0.008217963321127428,0.010320233007927468
2020-08-18,84.0,121.0,32432.0,-0.000498816246694563,-0.004863458405271989,0.0,2.0,1717.0,blue,0.007708734697205997,0.005351518302192593
2020-08-19,137.0,121.0,32569.0,0.0,0.0033046576343514797,18.0,4.0,1735.0,blue,0.007709495996477843,0.00872893348361541
2020-08-20,105.0,109.0,32674.0,-0.0007482243700418444,-0.001995264986778252,0.0,4.0,1735.0,blue,0.006945382531279709,0.006690506108113481
2020-08-21,117.0,105.0,32791.0,-0.0002494081233472815,0.0007482243700418444,0.0,3.0,1735.0,blue,0.006691004931589254,0.007455691209485168
2020-08-22,145.0,107.0,32936.0,0.00012470406167364075,0.0017458568634309704,1.0,3.0,1736.0,blue,0.006819087070819724,0.009240818927746355
2020-08-23,0.0,107.0,32936.0,0.0,-0.009041044471338954,0.0,3.0,1736.0,blue,0.006819087070819724,0.0
2020-08-24,118.0,101.0,33054.0,-0.0003741121850209222,0.007357539638744804,0.0,3.0,1736.0,blue,0.0064371924408240366,0.00752068027739838
2020-08-25,85.0,101.0,33139.0,0.0,-0.0020576170176150725,0.0,3.0,1736.0,blue,0.006437541190702916,0.005417732685245028
2020-08-26,116.0,98.0,33255.0,-0.0001870560925104611,0.0019329129559414314,13.0,2.0,1749.0,blue,0.006246840724047086,0.00739421963254553
2020-08-27,88.0,96.0,33343.0,-0.00012470406167364075,-0.0017458568634309704,0.0,2.0,1749.0,blue,0.006119697457456947,0.005609722669335534
2020-08-28,152.0,101.0,33495.0,0.00031176015418410186,0.003990529973556504,0.0,2.0,1749.0,blue,0.006439055613677064,0.009690459933454592
2020-08-29,112.0,96.0,33607.0,-0.00031176015418410186,-0.002494081233472815,0.0,2.0,1749.0,blue,0.006120727524975437,0.00714084877913801
2020-08-30,0.0,96.0,33607.0,0.0,-0.006983427453723882,0.0,2.0,1749.0,blue,0.006120727524975437,0.0
2020-08-31,171.0,103.0,33778.0,0.0004364642158577426,0.010662197273096283,0.0,2.0,1749.0,blue,0.006567746625262231,0.010903734688542152
2020-09-01,131.0,110.0,33909.0,0.0004364642158577426,-0.002494081233472815,2.0,2.0,1751.0,blue,0.0070146932315225015,0.008353861939358614
2020-09-02,235.0,127.0,34144.0,0.0010599845242259462,0.0064846112070293185,7.0,1.0,1758.0,blue,0.008100032208789493,0.014988248575319139
2020-09-03,167.0,138.0,34311.0,0.0006858723392050241,-0.004239938096903785,1.0,1.0,1759.0,blue,0.008802552995515163,0.010652364856891538
2020-09-04,134.0,136.0,34445.0,-0.00012470406167364075,-0.0020576170176150725,0.0,1.0,1759.0,blue,0.008675721312866288,0.00854813717591237
2020-09-05,0.0,120.0,34445.0,-0.000997632493389126,-0.00835517213213393,0.0,1.0,1759.0,blue,0.007655048217234958,0.0
2020-09-06,0.0,120.0,34445.0,0.0,0.0,0.0,1.0,1759.0,blue,0.007655048217234958,0.0
2020-09-07,254.0,132.0,34699.0,0.0007482243700418444,0.015837415832552375,4.0,2.0,1763.0,blue,0.008421939151489631,0.01620585260968459
2020-09-08,43.0,119.0,34742.0,-0.0008105764008786648,-0.013156278506569098,0.0,2.0,1763.0,blue,0.007592714057112523,0.002743585751729735
2020-09-09,0.0,85.0,34742.0,-0.0021199690484518924,-0.002681137325983276,0.0,1.0,1763.0,blue,0.005423367183651802,0.0
2020-09-10,145.0,82.0,34887.0,-0.0001870560925104611,0.009041044471338954,0.0,1.0,1763.0,blue,0.0052324383098713775,0.009252482377211583
2020-09-11,99.0,77.0,34986.0,-0.00031176015418410186,-0.002868193418493737,7.0,2.0,1770.0,blue,0.004913719551690096,0.006317639423601551
2020-09-12,108.0,93.0,35094.0,0.000997632493389126,0.0005611682775313833,0.0,2.0,1770.0,blue,0.005935161235355947,0.006892445305574648
2020-09-13,0.0,93.0,35094.0,0.0,-0.006734019330376599,0.0,2.0,1770.0,blue,0.005935161235355947,0.0
2020-09-14,163.0,80.0,35257.0,-0.0008105764008786648,0.01016338102640172,0.0,1.0,1770.0,blue,0.005106046196952967,0.01040356912629167
2020-09-15,87.0,86.0,35344.0,0.0003741121850209222,-0.004738754343598348,1.0,1.0,1771.0,blue,0.005489307976985758,0.005553137139508847
2020-09-16,97.0,100.0,35441.0,0.0008729284317154852,0.0006235203083682037,0.0,1.0,1771.0,blue,0.006383311470491547,0.0061918121263768
2020-09-17,88.0,92.0,35529.0,-0.000498816246694563,-0.0005611682775313833,3.0,2.0,1774.0,blue,0.005872987703751179,0.005617640412283737
2020-09-18,54.0,85.0,35583.0,-0.0004364642158577426,-0.0021199690484518924,10.0,2.0,1784.0,blue,0.005426351640354181,0.0034473292774014797
2020-09-19,0.0,70.0,35583.0,-0.0009352804625523056,-0.0033670096651882996,0.0,2.0,1784.0,blue,0.004468760174409325,0.0
2020-09-20,0.0,70.0,35583.0,0.0,0.0,0.0,2.0,1784.0,blue,0.004468760174409325,0.0
2020-09-21,242.0,81.0,35825.0,0.0006858723392050241,0.015089191462510532,1.0,2.0,1785.0,blue,0.005171796215905252,0.015451539311716927
2020-09-22,76.0,80.0,35901.0,-6.235203083682038e-05,-0.010350437118912181,2.0,2.0,1787.0,blue,0.005108201281009177,0.004852791216958718
2020-09-23,103.0,80.0,36004.0,0.0,0.0016835048325941498,2.0,3.0,1789.0,blue,0.005108543784051637,0.0065772501219664836
2020-09-24,108.0,83.0,36112.0,0.0001870560925104611,0.00031176015418410186,2.0,2.0,1791.0,blue,0.005300486495254469,0.006897018572138343
2020-09-25,75.0,86.0,36187.0,0.0001870560925104611,-0.0020576170176150725,8.0,2.0,1799.0,blue,0.005492361466358328,0.00478985011601017
2020-09-26,0.0,86.0,36187.0,0.0,-0.004676402312761527,0.0,2.0,1799.0,blue,0.005492361466358328,0.0
2020-09-27,0.0,86.0,36187.0,0.0,0.0,0.0,2.0,1799.0,blue,0.005492361466358328,0.0
2020-09-28,265.0,90.0,36452.0,0.0002494081233472815,0.016523288171757397,1.0,2.0,1800.0,blue,0.005748796744903532,0.01692701263777151
2020-09-29,615.0,167.0,37067.0,0.004801106374435169,0.02182321079288713,1.0,2.0,1801.0,blue,0.010671410651857048,0.039298907490371765
2020-09-30,159.0,175.0,37226.0,0.000498816246694563,-0.02843252606159009,10.0,3.0,1811.0,blue,0.011183823717375188,0.010161302691786599
2020-10-01,135.0,178.0,37361.0,0.0001870560925104611,-0.0014964487400836888,2.0,3.0,1813.0,blue,0.01137654246422301,0.008628276588034306
2020-10-02,141.0,188.0,37502.0,0.0006235203083682037,0.0003741121850209222,2.0,2.0,1815.0,blue,0.012016772346083043,0.009012579259562283
2020-10-03,0.0,188.0,37502.0,0.0,-0.008791636347991672,0.0,2.0,1815.0,blue,0.012016772346083043,0.0
2020-10-04,0.0,188.0,37502.0,0.0,0.0,0.0,2.0,1815.0,blue,0.012016772346083043,0.0
2020-10-05,305.0,194.0,37807.0,0.0003741121850209222,0.019017369405230213,1.0,2.0,1816.0,blue,0.012402712230225028,0.019499109434116667
2020-10-06,276.0,145.0,38083.0,-0.0030552495110041985,-0.0018082088942677906,1.0,2.0,1817.0,blue,0.009271710349210979,0.017648221078498137
2020-10-07,181.0,148.0,38264.0,0.0001870560925104611,-0.005923442929497935,0.0,1.0,1817.0,blue,0.009464634243046692,0.011574991878320616
2020-10-08,251.0,165.0,38515.0,0.0010599845242259462,0.004364642158577426,0.0,1.0,1817.0,blue,0.010553482169412171,0.016054084997105787
2020-10-09,252.0,181.0,38767.0,0.000997632493389126,6.235203083682038e-05,13.0,2.0,1830.0,blue,0.011578812691914022,0.016120777891504606
2020-10-10,0.0,181.0,38767.0,0.0,-0.015712711770878733,0.0,2.0,1830.0,blue,0.011578812691914022,0.0
2020-10-11,0.0,181.0,38767.0,0.0,0.0,0.0,2.0,1830.0,blue,0.011578812691914022,0.0
2020-10-12,0.0,137.0,38767.0,-0.0027434893568200965,0.0,0.0,2.0,1830.0,blue,0.008764073694984647,0.0
2020-10-13,646.0,190.0,39413.0,0.0033046576343514797,0.040279411920585956,0.0,2.0,1830.0,blue,0.012159579764923325,0.0413425712007393
2020-10-14,278.0,204.0,39691.0,0.0008729284317154852,-0.022945547347949895,3.0,2.0,1833.0,blue,0.01305789705128361,0.017794585197337467
2020-10-15,179.0,194.0,39870.0,-0.0006235203083682037,-0.006172851052845217,5.0,3.0,1838.0,blue,0.012419266763929585,0.011459014179089668
2020-10-16,309.0,202.0,40179.0,0.000498816246694563,0.008105764008786648,2.0,1.0,1840.0,blue,0.01293397653187585,0.019785142318562564
2020-10-17,0.0,202.0,40179.0,0.0,-0.019266777528577493,0.0,1.0,1840.0,blue,0.01293397653187585,0.0
2020-10-18,0.0,202.0,40179.0,0.0,0.0,0.0,1.0,1840.0,blue,0.01293397653187585,0.0
2020-10-19,624.0,291.0,40803.0,0.005549330744477013,0.03890766724217591,1.0,2.0,1841.0,blue,0.01864006923088256,0.03997045773220177
2020-10-20,291.0,240.0,41094.0,-0.003179953572677839,-0.020763226268661183,8.0,3.0,1849.0,blue,0.015376197901917797,0.018643639956075327
2020-10-21,229.0,233.0,41323.0,-0.0004364642158577426,-0.003865825911882863,2.0,3.0,1851.0,blue,0.014929935032355669,0.014673627134804499
2020-10-22,238.0,242.0,41561.0,0.0005611682775313833,0.0005611682775313833,1.0,2.0,1852.0,blue,0.015509002912103687,0.015252655756531727
2020-10-23,411.0,256.0,41972.0,0.0008729284317154852,0.010786901334769923,1.0,2.0,1853.0,blue,0.01641055095860695,0.026346626734326
2020-10-24,0.0,256.0,41972.0,0.0,-0.02562668467393317,0.0,2.0,1853.0,blue,0.01641055095860695,0.0
2020-10-25,0.0,256.0,41972.0,0.0,0.0,0.0,2.0,1853.0,blue,0.01641055095860695,0.0
2020-10-26,1031.0,314.0,43003.0,0.0036164177885355813,0.0642849437927618,6.0,3.0,1859.0,blue,0.020141955886550756,0.0661348933727192
2020-10-27,362.0,324.0,43365.0,0.0006235203083682037,-0.04171350862983283,5.0,2.0,1864.0,blue,0.02078831337484152,0.023226448894113058
2020-10-28,375.0,345.0,43740.0,0.0013093926475732278,0.0008105764008786648,3.0,2.0,1867.0,blue,0.02214107393835155,0.02406638471559951
2020-10-29,399.0,368.0,44139.0,0.0014340967092468684,0.0014964487400836888,1.0,2.0,1868.0,blue,0.02362320980363207,0.025613208455568467
2020-10-30,366.0,362.0,44505.0,-0.0003741121850209222,-0.0020576170176150725,7.0,3.0,1875.0,blue,0.02324361426644245,0.02350044978319872
2020-10-31,0.0,362.0,44505.0,0.0,-0.022820843286276257,0.0,3.0,1875.0,blue,0.02324361426644245,0.0
2020-11-01,0.0,362.0,44505.0,0.0,0.0,0.0,3.0,1875.0,blue,0.02324361426644245,0.0
2020-11-02,946.0,350.0,45451.0,-0.0007482243700418444,0.058985021171632075,3.0,3.0,1878.0,blue,0.022486809879804788,0.06077863470370094
2020-11-03,642.0,390.0,46093.0,0.002494081233472815,-0.018955017374393392,1.0,2.0,1879.0,blue,0.025067086593929262,0.04126428100846818
2020-11-04,396.0,393.0,46489.0,0.0001870560925104611,-0.01533859958585781,4.0,2.0,1883.0,blue,0.025266406287670573,0.025459279618110807
2020-11-05,428.0,397.0,46917.0,0.0002494081233472815,0.001995264986778252,1.0,2.0,1884.0,blue,0.025530612297394978,0.027524186557393075
2020-11-06,758.0,453.0,47675.0,0.003491713726861941,0.02057617017615072,5.0,2.0,1889.0,blue,0.029146209094775364,0.048770036410242225
2020-11-07,0.0,453.0,47675.0,0.0,-0.04726283937430984,0.0,2.0,1889.0,blue,0.029146209094775364,0.0
2020-11-08,0.0,453.0,47675.0,0.0,0.0,0.0,2.0,1889.0,blue,0.029146209094775364,0.0
2020-11-09,1781.0,572.0,49456.0,0.007419891669581624,0.11104896692037708,0.0,2.0,1889.0,blue,0.036844939489272456,0.11472174340978014
2020-11-10,898.0,609.0,50354.0,0.0023070251409623536,-0.05505684322891238,12.0,3.0,1901.0,blue,0.03925127389397129,0.05787790469094616
2020-11-11,0.0,552.0,50354.0,-0.0035540657576987613,-0.055992123691464696,0.0,3.0,1901.0,blue,0.035577509342318805,0.0
2020-11-12,1159.0,657.0,51513.0,0.006546963237866139,0.07226600373987481,3.0,3.0,1904.0,blue,0.04237670764586746,0.0747558663037449
2020-11-13,1210.0,721.0,52723.0,0.003990529973556504,0.003179953572677839,5.0,3.0,1909.0,blue,0.04654120122775818,0.07810659290650125
2020-11-14,0.0,721.0,52723.0,0.0,-0.07544595731255264,0.0,3.0,1909.0,blue,0.04654120122775818,0.0
2020-11-15,0.0,721.0,52723.0,0.0,0.0,0.0,3.0,1909.0,blue,0.04654120122775818,0.0
2020-11-16,2579.0,835.0,55302.0,0.007108131515397523,0.16080588752815972,8.0,4.0,1917.0,blue,0.05399016409130351,0.16675524933110392
2020-11-17,1070.0,860.0,56372.0,0.0015588007709205094,-0.09408921453276195,8.0,3.0,1925.0,blue,0.0556454221934649,0.06923325784535748
2020-11-18,829.0,978.0,57201.0,0.007357539638744804,-0.015026839431673709,17.0,6.0,1942.0,blue,0.06331515018897436,0.05366897700067459
2020-11-19,811.0,928.0,58012.0,-0.003117601541841019,-0.0011223365550627666,3.0,6.0,1945.0,blue,0.0601098559436211,0.052531350399005076
2020-11-20,1069.0,908.0,59081.0,-0.0012470406167364074,0.016086823955899655,7.0,6.0,1952.0,blue,0.05885540497444846,0.06929122017366234
2020-11-21,0.0,908.0,59081.0,0.0,-0.06665432096456098,0.0,6.0,1952.0,blue,0.05885540497444846,0.0
2020-11-22,0.0,908.0,59081.0,0.0,0.0,0.0,6.0,1952.0,blue,0.05885540497444846,0.0
2020-11-23,2417.0,885.0,61498.0,-0.0014340967092468684,0.15070485853259483,1.0,5.0,1953.0,blue,0.05745462383126908,0.1569127975143247
2020-11-24,1122.0,893.0,62620.0,0.000498816246694563,-0.08074587993368237,7.0,5.0,1960.0,blue,0.05801651099227724,0.0728942053004872
2020-11-25,1242.0,952.0,63862.0,0.003678769819372402,0.007482243700418445,8.0,4.0,1968.0,blue,0.061899897722122774,0.08075595900302153
2020-11-26,0.0,836.0,63862.0,-0.0072328355770711625,-0.0774412222993309,0.0,3.0,1968.0,blue,0.05435747320976327,0.0
2020-11-27,1622.0,915.0,65484.0,0.004925810436108809,0.10113499401732264,3.0,3.0,1971.0,blue,0.05955705175019624,0.10557545129925498
2020-11-28,0.0,915.0,65484.0,0.0,-0.10113499401732264,0.0,3.0,1971.0,blue,0.05955705175019624,0.0
2020-11-29,0.0,915.0,65484.0,0.0,0.0,0.0,3.0,1971.0,blue,0.05955705175019624,0.0
2020-11-30,1799.0,826.0,67283.0,-0.005549330744477013,0.11217130347543984,5.0,3.0,1976.0,blue,0.053827275701220825,0.11723398182384534
2020-12-01,660.0,760.0,67943.0,-0.004115234035230145,-0.0710189631231384,9.0,4.0,1985.0,blue,0.04954790793737927,0.04302844636667147
2020-12-02,1687.0,824.0,69630.0,0.003990529973556504,0.06403553566941453,5.0,3.0,1990.0,blue,0.0537796873337741,0.11010477249038458
2020-12-03,846.0,945.0,70476.0,0.007544595731255266,-0.05243805793376593,15.0,5.0,2005.0,blue,0.061711625817270896,0.05524659835069966
2020-12-04,1838.0,976.0,72314.0,0.0019329129559414314,0.061853214590125806,28.0,9.0,2033.0,blue,0.06381378927065284,0.12017391872895485
2020-12-05,0.0,976.0,72314.0,0.0,-0.11460303267807584,0.0,9.0,2033.0,blue,0.06381378927065284,0.0
2020-12-06,0.0,976.0,72314.0,0.0,0.0,0.0,9.0,2033.0,blue,0.06381378927065284,0.0
2020-12-07,2759.0,1113.0,75073.0,0.00854222822464439,0.1720292530787874,22.0,11.0,2055.0,blue,0.07290381870595394,0.18072024780748153
2020-12-08,1516.0,1235.0,76589.0,0.007606947762092085,-0.07750357433016772,52.0,17.0,2107.0,blue,0.08097824340814148,0.09940325263703848
2020-12-09,1012.0,1139.0,77601.0,-0.005985794960334755,-0.031425423541757466,1.0,17.0,2108.0,blue,0.07473321750450106,0.06640036533323536
2020-12-10,964.0,1156.0,78565.0,0.0010599845242259462,-0.0029928974801673777,9.0,16.0,2117.0,blue,0.07589709247167811,0.06329134700925407
2020-12-11,1081.0,1047.0,79646.0,-0.00679637136121342,0.007295187607907983,10.0,13.0,2127.0,blue,0.06878997965866504,0.07102384719294834
2020-12-12,0.0,1047.0,79646.0,0.0,-0.06740254533460283,0.0,13.0,2127.0,blue,0.06878997965866504,0.0
2020-12-13,0.0,1047.0,79646.0,0.0,0.0,0.0,13.0,2127.0,blue,0.06878997965866504,0.0
2020-12-14,2133.0,958.0,81779.0,-0.005549330744477013,0.13299688177493785,8.0,11.0,2135.0,blue,0.06303116753065861,0.1403397498360071
2020-12-15,1334.0,932.0,83113.0,-0.0016211528017573296,-0.049819272638619475,6.0,5.0,2141.0,blue,0.061374620277463335,0.08784736421688422
2020-12-16,948.0,923.0,84061.0,-0.0005611682775313833,-0.024067883903012663,56.0,13.0,2197.0,blue,0.06082216008946063,0.06246956420889348
2020-12-17,972.0,924.0,85033.0,6.235203083682038e-05,0.0014964487400836888,6.0,12.0,2203.0,blue,0.06092732174966916,0.06409237742497664
2020-12-18,700.0,870.0,85733.0,-0.0033670096651882996,-0.01695975238761514,15.0,13.0,2218.0,blue,0.05739369302686421,0.04617883346989074
2020-12-19,0.0,870.0,85733.0,0.0,-0.04364642158577426,0.0,13.0,2218.0,blue,0.05739369302686421,0.0
2020-12-20,0.0,870.0,85733.0,0.0,0.0,0.0,13.0,2218.0,blue,0.05739369302686421,0.0
2020-12-21,1662.0,802.0,87395.0,-0.004239938096903785,0.10362907525079547,6.0,13.0,2224.0,blue,0.052966031734710185,0.10976252461731711
2020-12-22,1025.0,758.0,88420.0,-0.0027434893568200965,-0.039718243643054575,89.0,25.0,2313.0,blue,0.050097021672579616,0.06774333405592889
2020-12-23,744.0,729.0,89164.0,-0.0018082088942677906,-0.017520920665146524,35.0,22.0,2348.0,blue,0.048205199416776603,0.049197075947985995
2020-12-24,723.0,693.0,89887.0,-0.0022446731101255332,-0.0013093926475732278,8.0,22.0,2356.0,blue,0.04584685694325178,0.04783156936503757
2020-12-25,0.0,593.0,89887.0,-0.006235203083682038,-0.045080518295021126,0.0,20.0,2356.0,blue,0.039231148870632476,0.0
2020-12-26,0.0,593.0,89887.0,0.0,0.0,0.0,20.0,2356.0,blue,0.039231148870632476,0.0
2020-12-27,0.0,593.0,89887.0,0.0,0.0,0.0,20.0,2356.0,blue,0.039231148870632476,0.0
2020-12-28,1542.0,576.0,91429.0,-0.0010599845242259462,0.09614683155037701,13.0,21.0,2369.0,blue,0.03814572062630505,0.10211927292667082
2020-12-29,925.0,562.0,92354.0,-0.0008729284317154852,-0.038471203026318165,38.0,13.0,2407.0,blue,0.037242318937387844,0.06129741106242661
2020-12-30,352.0,506.0,92706.0,-0.003491713726861941,-0.03572771366949807,30.0,13.0,2437.0,blue,0.033539830869105836,0.02333205625676928
2020-12-31,1179.0,571.0,93885.0,0.004052882004393324,0.051565129502050444,13.0,13.0,2450.0,blue,0.03787823507325558,0.078210926709927
2021-01-01,0.0,571.0,93885.0,0.0,-0.07351304435661121,0.0,13.0,2450.0,blue,0.03787823507325558,0.0
2021-01-02,0.0,571.0,93885.0,0.0,0.0,0.0,13.0,2450.0,blue,0.03787823507325558,0.0
2021-01-03,0.0,571.0,93885.0,0.0,0.0,0.0,13.0,2450.0,blue,0.03787823507325558,0.0
2021-01-04,1618.0,582.0,95503.0,0.0006858723392050241,0.10088558589397537,38.0,17.0,2488.0,blue,0.038650397195920325,0.10745076058934551
2021-01-05,916.0,581.0,96419.0,-6.235203083682038e-05,-0.0437711256474479,36.0,17.0,2524.0,blue,0.038608396562058514,0.06086969234224716
2021-01-06,680.0,628.0,97099.0,0.0029305454493305577,-0.014715079277489608,29.0,17.0,2553.0,blue,0.041751293924455424,0.04520840743412371
2021-01-07,792.0,572.0,97891.0,-0.003491713726861941,0.006983427453723882,23.0,18.0,2576.0,blue,0.03804886485335888,0.0526830436431123
2021-01-08,650.0,665.0,98541.0,0.0057987388678242945,-0.008853988378828491,23.0,21.0,2599.0,blue,0.0442549430774954,0.043256711278754904
2021-01-09,0.0,665.0,98541.0,0.0,-0.04052882004393324,0.0,21.0,2599.0,blue,0.0442549430774954,0.0
2021-01-10,0.0,665.0,98541.0,0.0,0.0,0.0,21.0,2599.0,blue,0.0442549430774954,0.0
2021-01-11,1551.0,656.0,100092.0,-0.0005611682775313833,0.0967079998279084,7.0,17.0,2606.0,blue,0.04370131483666301,0.10332429773119561
2021-01-12,818.0,642.0,100910.0,-0.0008729284317154852,-0.04570403860338933,39.0,17.0,2645.0,blue,0.042793096047171054,0.05452453670807776
2021-01-13,672.0,640.0,101582.0,-0.00012470406167364075,-0.009103396502175775,26.0,17.0,2671.0,blue,0.04267964127761506,0.044813623341495815
2021-01-14,586.0,611.0,102168.0,-0.0018082088942677906,-0.005362274651966552,22.0,17.0,2693.0,blue,0.04076224735412319,0.03909439762604941
2021-01-15,669.0,614.0,102837.0,0.0001870560925104611,0.0051752185594560905,29.0,18.0,2722.0,blue,0.040981472903503985,0.044652451746651736
2021-01-16,0.0,614.0,102837.0,0.0,-0.04171350862983283,0.0,18.0,2722.0,blue,0.040981472903503985,0.0
2021-01-17,0.0,614.0,102837.0,0.0,0.0,0.0,18.0,2722.0,blue,0.040981472903503985,0.0
2021-01-18,0.0,392.0,102837.0,-0.013842150845774122,0.0,0.0,17.0,2722.0,blue,0.026164067391162154,0.0
2021-01-19,1811.0,534.0,104648.0,0.008853988378828491,0.11291952784548169,8.0,12.0,2730.0,blue,0.03568519244944097,0.1210222537938906
2021-01-20,529.0,514.0,105177.0,-0.0012470406167364074,-0.07993530353280372,18.0,11.0,2748.0,blue,0.03436122876823686,0.03536398836264065
2021-01-21,536.0,506.0,105713.0,-0.000498816246694563,0.0004364642158577426,20.0,11.0,2768.0,blue,0.03383900125458431,0.03584526615110117
2021-01-22,419.0,471.0,106132.0,-0.002182321079288713,-0.007295187607907983,30.0,11.0,2798.0,blue,0.03150781975921604,0.028029249424865222
2021-01-23,0.0,471.0,106132.0,0.0,-0.026125500920627733,0.0,11.0,2798.0,blue,0.03150781975921604,0.0
2021-01-24,0.0,471.0,106132.0,0.0,0.0,0.0,11.0,2798.0,blue,0.03150781975921604,0.0
2021-01-25,1045.0,620.0,107177.0,0.009290452594686235,0.06515787222447729,10.0,12.0,2808.0,blue,0.041504553451170566,0.06995525541366651
2021-01-26,686.0,459.0,107863.0,-0.01003867696472808,-0.022384379070418514,25.0,15.0,2833.0,blue,0.03074138989927674,0.04594464808475783
2021-01-27,359.0,435.0,108222.0,-0.0014964487400836888,-0.02038911408364026,12.0,14.0,2845.0,blue,0.029141237866191477,0.024049895158535034
2021-01-28,538.0,435.0,108760.0,0.0,0.011161013519790847,15.0,13.0,2860.0,blue,0.029152037593395425,0.03605470396608445
2021-01-29,471.0,443.0,109231.0,0.000498816246694563,-0.004177586066066965,18.0,11.0,2878.0,blue,0.029697899292613468,0.031574967419460365
2021-01-30,0.0,443.0,109231.0,0.0,-0.029367806524142392,0.0,11.0,2878.0,blue,0.029697899292613468,0.0
2021-01-31,0.0,443.0,109231.0,0.0,0.0,0.0,11.0,2878.0,blue,0.029697899292613468,0.0
2021-02-01,1041.0,442.0,110272.0,-6.235203083682038e-05,0.06490846410113,9.0,11.0,2887.0,blue,0.029651733016332605,0.06983586893665665
2021-02-02,521.0,419.0,110793.0,-0.0014340967092468684,-0.03242305603514659,13.0,10.0,2900.0,blue,0.028118842711649654,0.0349640025125763
2021-02-03,305.0,411.0,111098.0,-0.000498816246694563,-0.013468038660753199,11.0,9.0,2911.0,blue,0.027587817864018236,0.020472711553590175
2021-02-04,313.0,379.0,111411.0,-0.001995264986778252,0.000498816246694563,2.0,8.0,2913.0,blue,0.025445241370605574,0.021014143928758694
2021-02-05,339.0,360.0,111750.0,-0.001184688585899587,0.0016211528017573296,32.0,10.0,2945.0,blue,0.024175644113029193,0.022765398206435826
2021-02-06,0.0,360.0,111750.0,0.0,-0.021137338453682104,0.0,10.0,2945.0,blue,0.024175644113029193,0.0
2021-02-07,0.0,360.0,111750.0,0.0,0.0,0.0,10.0,2945.0,blue,0.024175644113029193,0.0
2021-02-08,902.0,340.0,112652.0,-0.0012470406167364074,0.05624153181481197,17.0,11.0,2962.0,blue,0.02284665259581651,0.06061082541596027
2021-02-09,572.0,347.0,113224.0,0.0004364642158577426,-0.02057617017615072,8.0,10.0,2970.0,blue,0.023326115905923827,0.03845111901495224
2021-02-10,295.0,346.0,113519.0,-6.235203083682038e-05,-0.01727151254179924,14.0,10.0,2984.0,blue,0.023263725934482355,0.019834679626220507
2021-02-11,359.0,352.0,113878.0,0.0003741121850209222,0.003990529973556504,11.0,12.0,2995.0,blue,0.023673032380942132,0.024143802911244957
2021-02-12,430.0,365.0,114308.0,0.0008105764008786648,0.004426994189414246,14.0,9.0,3009.0,blue,0.024554652602120447,0.028927398955922716
2021-02-13,0.0,365.0,114308.0,0.0,-0.02681137325983276,0.0,9.0,3009.0,blue,0.024554652602120447,0.0
2021-02-14,0.0,365.0,114308.0,0.0,0.0,0.0,9.0,3009.0,blue,0.024554652602120447,0.0
2021-02-15,0.0,237.0,114308.0,-0.007981059947113008,0.0,0.0,7.0,3009.0,blue,0.015943705936171358,0.0
2021-02-16,710.0,256.0,115018.0,0.001184688585899587,0.04426994189414246,7.0,7.0,3016.0,blue,0.017230204278878933,0.04778689467970329
2021-02-17,542.0,292.0,115560.0,0.0022446731101255332,-0.010475141180585823,19.0,7.0,3035.0,blue,0.01966062528868127,0.036493352419401534
2021-02-18,384.0,295.0,115944.0,0.0001870560925104611,-0.009851620872217618,21.0,9.0,3056.0,blue,0.019868035832507746,0.025862121219264317
2021-02-19,298.0,276.0,116242.0,-0.001184688585899587,-0.005362274651966552,15.0,9.0,3071.0,blue,0.01859231894718973,0.0200743153850092
2021-02-20,0.0,276.0,116242.0,0.0,-0.01858090518937247,0.0,9.0,3071.0,blue,0.01859231894718973,0.0
2021-02-21,0.0,276.0,116242.0,0.0,0.0,0.0,9.0,3071.0,blue,0.01859231894718973,0.0
2021-02-22,484.0,345.0,116726.0,0.004302290127740606,0.030178382925021063,1.0,9.0,3072.0,blue,0.023247994102421902,0.03261457723354261
2021-02-23,296.0,286.0,117022.0,-0.003678769819372402,-0.01172218179732223,13.0,10.0,3085.0,blue,0.019276263909576798,0.019950259151170394
2021-02-24,296.0,251.0,117318.0,-0.002182321079288713,0.0,13.0,9.0,3098.0,blue,0.016920804567403788,0.01995441494801403
2021-02-25,324.0,243.0,117642.0,-0.000498816246694563,0.0017458568634309704,8.0,7.0,3106.0,blue,0.016385163268374817,0.021846884357833087
2021-02-26,0.0,200.0,117642.0,-0.002681137325983276,-0.020202057991129802,0.0,5.0,3106.0,blue,0.01348573108508215,0.0
2021-02-27,0.0,200.0,117642.0,0.0,0.0,0.0,5.0,3106.0,blue,0.01348573108508215,0.0
2021-02-28,0.0,200.0,117642.0,0.0,0.0,0.0,5.0,3106.0,blue,0.01348573108508215,0.0
2021-03-01,952.0,267.0,118594.0,0.004177586066066965,0.05935913335665299,10.0,6.0,3116.0,blue,0.018015136763226452,0.06423374606214076
2021-03-02,312.0,269.0,118906.0,0.00012470406167364075,-0.03990529973556504,11.0,6.0,3127.0,blue,0.01815403802494864,0.021055984623732253
2021-03-03,339.0,275.0,119245.0,0.0003741121850209222,0.0016835048325941498,5.0,5.0,3132.0,blue,0.01856327037572059,0.02288344966316102
2021-03-04,317.0,274.0,119562.0,-6.235203083682038e-05,-0.0013717446784100482,30.0,8.0,3162.0,blue,0.018500100940331773,0.02140340145286559
2021-03-05,312.0,319.0,119874.0,0.002805841387656917,-0.00031176015418410186,8.0,9.0,3170.0,blue,0.0215430932775419,0.021070360823175777
2021-03-06,0.0,319.0,119874.0,0.0,-0.019453833621087956,0.0,9.0,3170.0,blue,0.0215430932775419,0.0
2021-03-07,0.0,319.0,119874.0,0.0,0.0,0.0,9.0,3170.0,blue,0.0215430932775419,0.0
2021-03-08,665.0,278.0,120539.0,-0.0025564332643096353,0.041464100506485545,4.0,8.0,3174.0,blue,0.018782717737641917,0.04492988235802833
2021-03-09,427.0,294.0,120966.0,0.000997632493389126,-0.014839783339163248,12.0,8.0,3186.0,blue,0.019869630891193497,0.028858273437209602
2021-03-10,276.0,285.0,121242.0,-0.0005611682775313833,-0.009415156656359875,1.0,8.0,3187.0,blue,0.019264983425354612,0.018656615527711834
2021-03-11,341.0,289.0,121583.0,0.0002494081233472815,0.004052882004393324,2.0,4.0,3189.0,blue,0.019539899596017648,0.02305572928111425
2021-03-12,298.0,287.0,121881.0,-0.00012470406167364075,-0.002681137325983276,2.0,3.0,3191.0,blue,0.019408612148979695,0.02015249623831341
2021-03-13,0.0,287.0,121881.0,0.0,-0.01858090518937247,0.0,3.0,3191.0,blue,0.019408612148979695,0.0
2021-03-14,0.0,287.0,121881.0,0.0,0.0,0.0,3.0,3191.0,blue,0.019408612148979695,0.0
2021-03-15,717.0,294.0,122598.0,0.0004364642158577426,0.04470640611000021,4.0,3.0,3195.0,blue,0.019891691768087232,0.04851137074053927
2021-03-16,373.0,286.0,122971.0,-0.000498816246694563,-0.02144909860786621,39.0,7.0,3234.0,blue,0.019355816761325185,0.025243775006903123
2021-03-17,560.0,327.0,123531.0,0.0025564332643096353,0.01165982976648541,6.0,8.0,3240.0,blue,0.022139082182710393,0.03791402453308202
2021-03-18,428.0,339.0,123959.0,0.0007482243700418444,-0.00823046807046029,4.0,8.0,3244.0,blue,0.02295824038293532,0.028985625026242825
2021-03-19,530.0,373.0,124489.0,0.0021199690484518924,0.006359907145355678,2.0,8.0,3246.0,blue,0.025269941235530755,0.03590635081724209
2021-03-20,0.0,373.0,124489.0,0.0,-0.033046576343514794,0.0,8.0,3246.0,blue,0.025269941235530755,0.0
2021-03-21,0.0,373.0,124489.0,0.0,0.0,0.0,8.0,3246.0,blue,0.025269941235530755,0.0
2021-03-22,939.0,404.0,125428.0,0.0019329129559414314,0.05854855695577433,-24.0,4.0,3222.0,blue,0.02738710108212944,0.06365467305970184
2021-03-23,694.0,450.0,126122.0,0.002868193418493737,-0.01527624755502099,8.0,-1.0,3230.0,blue,0.030519958357212378,0.04706855799978975
2021-03-24,487.0,440.0,126609.0,-0.0006235203083682037,-0.012906870383221818,-1.0,-2.0,3229.0,blue,0.029851576604233907,0.03304026774150434
2021-03-25,528.0,454.0,127137.0,0.0008729284317154852,0.0025564332643096353,10.0,-1.0,3239.0,blue,0.030812646215847336,0.03583497181050087
2021-03-26,633.0,469.0,127770.0,0.0009352804625523056,0.006546963237866139,5.0,-0.0,3244.0,blue,0.03184447403317393,0.042979855144987415
2021-03-27,0.0,469.0,127770.0,0.0,-0.0394688355197073,0.0,-0.0,3244.0,blue,0.03184447403317393,0.0
2021-03-28,0.0,469.0,127770.0,0.0,0.0,0.0,-0.0,3244.0,blue,0.03184447403317393,0.0
2021-03-29,1307.0,521.0,129077.0,0.0032423056035146593,0.08149410430372422,7.0,4.0,3251.0,blue,0.03540679416284,0.08882280224727807
2021-03-30,713.0,524.0,129790.0,0.0001870560925104611,-0.0370371063170713,8.0,4.0,3259.0,blue,0.03562812936002632,0.048478733270417504
2021-03-31,615.0,542.0,130405.0,0.0011223365550627666,-0.006110499022008397,11.0,6.0,3270.0,blue,0.03686768853197218,0.041833262817643706
2021-04-01,569.0,548.0,130974.0,0.0003741121850209222,-0.002868193418493737,12.0,6.0,3282.0,blue,0.03729055535027604,0.03871957298231216
2021-04-02,0.0,458.0,130974.0,-0.005611682775313834,-0.03547830554615079,0.0,5.0,3282.0,blue,0.031166194070121216,0.0
2021-04-03,0.0,458.0,130974.0,0.0,0.0,0.0,5.0,3282.0,blue,0.031166194070121216,0.0
2021-04-04,0.0,458.0,130974.0,0.0,0.0,0.0,5.0,3282.0,blue,0.031166194070121216,0.0
2021-04-05,1601.0,500.0,132575.0,0.0026187852951464557,0.09982560136974943,3.0,5.0,3285.0,blue,0.0340614072674781,0.10906462607046488
2021-04-06,910.0,528.0,133485.0,0.0017458568634309704,-0.04308525330824287,8.0,5.0,3293.0,blue,0.03599135389521199,0.062030553114854003
2021-04-07,871.0,564.0,134356.0,0.0022446731101255332,-0.0024317292026359945,13.0,5.0,3306.0,blue,0.03846849028227278,0.059407898999751046
2021-04-08,589.0,567.0,134945.0,0.0001870560925104611,-0.017583272695983344,9.0,5.0,3315.0,blue,0.03868889014743401,0.040190046378904117
2021-04-09,687.0,665.0,135632.0,0.006110499022008397,0.006110499022008397,18.0,7.0,3333.0,blue,0.04539769748339741,0.04689957619713387
2021-04-10,0.0,665.0,135632.0,0.0,-0.04283584518489559,0.0,7.0,3333.0,blue,0.04539769748339741,0.0
2021-04-11,0.0,665.0,135632.0,0.0,0.0,0.0,7.0,3333.0,blue,0.04539769748339741,0.0
2021-04-12,1569.0,661.0,137201.0,-0.0002494081233472815,0.09783033638297116,3.0,7.0,3336.0,blue,0.04517310662493337,0.1072263302488963
2021-04-13,130.0,549.0,137331.0,-0.006983427453723882,-0.08972457237418452,5.0,7.0,3341.0,blue,0.037522426313541225,0.00888509184109355
2021-04-14,1312.0,612.0,138643.0,0.003928177942719683,0.07370010044912167,9.0,6.0,3350.0,blue,0.04186607780523244,0.08975211451056365
2021-04-15,843.0,649.0,139486.0,0.0023070251409623536,-0.029243102462468754,9.0,6.0,3359.0,blue,0.04442308850667236,0.057702101095723886
2021-04-16,743.0,657.0,140229.0,0.000498816246694563,-0.006235203083682038,16.0,6.0,3375.0,blue,0.04499405215611909,0.05088368455402813
2021-04-17,0.0,657.0,140229.0,0.0,-0.046327558911757535,0.0,6.0,3375.0,blue,0.04499405215611909,0.0
2021-04-18,0.0,657.0,140229.0,0.0,0.0,0.0,6.0,3375.0,blue,0.04499405215611909,0.0
2021-04-19,1322.0,621.0,141551.0,-0.0022446731101255332,0.08242938476627654,8.0,7.0,3383.0,blue,0.042567396664388635,0.09061851592644408
2021-04-20,746.0,709.0,142297.0,0.005486978713640193,-0.03591476976200853,12.0,8.0,3395.0,blue,0.048624756104670104,0.05116229626810141
2021-04-21,683.0,620.0,142980.0,-0.005549330744477013,-0.003928177942719683,18.0,9.0,3413.0,blue,0.04254139552244951,0.046864150228762926
2021-04-22,594.0,584.0,143574.0,-0.0022446731101255332,-0.005549330744477013,9.0,9.0,3422.0,blue,0.04008783629335785,0.0407742718463263
2021-04-23,474.0,546.0,144048.0,-0.002369377171799174,-0.007482243700418445,12.0,8.0,3434.0,blue,0.0374918887740633,0.03254790344121979
2021-04-24,0.0,546.0,144048.0,0.0,-0.029554862616652855,0.0,8.0,3434.0,blue,0.0374918887740633,0.0
2021-04-25,0.0,546.0,144048.0,0.0,0.0,0.0,8.0,3434.0,blue,0.0374918887740633,0.0
2021-04-26,1133.0,519.0,145181.0,-0.0016835048325941498,0.07064485093811748,8.0,8.0,3442.0,blue,0.03566583789979755,0.07786010470225554
2021-04-27,608.0,499.0,145789.0,-0.0012470406167364074,-0.0327348161893307,10.0,8.0,3452.0,blue,0.03430600128149071,0.041799696952197096
2021-04-28,466.0,468.0,146255.0,-0.0019329129559414314,-0.008853988378828491,6.0,6.0,3458.0,blue,0.03218521075811301,0.03204766712239458
2021-04-29,507.0,455.0,146762.0,-0.0008105764008786648,0.0025564332643096353,4.0,6.0,3462.0,blue,0.03130217746201945,0.03487956917196453
2021-04-30,363.0,440.0,147125.0,-0.0009352804625523056,-0.008978692440502133,4.0,5.0,3466.0,blue,0.03027788214472002,0.024979252769394018
2021-05-01,0.0,440.0,147125.0,0.0,-0.022633787193765794,0.0,5.0,3466.0,blue,0.03027788214472002,0.0
2021-05-02,0.0,440.0,147125.0,0.0,0.0,0.0,5.0,3466.0,blue,0.03027788214472002,0.0
2021-05-03,906.0,407.0,148031.0,-0.0020576170176150725,0.05649093993815925,11.0,5.0,3477.0,blue,0.02802472510636657,0.062384277509503955
2021-05-04,0.0,320.0,148031.0,-0.005424626682803372,-0.05649093993815925,0.0,4.0,3477.0,blue,0.022034181901811556,0.0
2021-05-05,0.0,254.0,148031.0,-0.004115234035230145,0.0,0.0,3.0,3477.0,blue,0.01748963188456292,0.0
2021-05-06,1141.0,344.0,149172.0,0.005611682775313834,0.07114366718481203,24.0,6.0,3501.0,blue,0.023705761878378417,0.07862870436985399
2021-05-07,0.0,292.0,149172.0,-0.0032423056035146593,-0.07114366718481203,0.0,5.0,3501.0,blue,0.02012233275722819,0.0
2021-05-08,0.0,292.0,149172.0,0.0,0.0,0.0,5.0,3501.0,blue,0.02012233275722819,0.0
2021-05-09,0.0,292.0,149172.0,0.0,0.0,0.0,5.0,3501.0,blue,0.02012233275722819,0.0
2021-05-10,781.0,275.0,149953.0,-0.0010599845242259462,0.04869693608355671,28.0,7.0,3529.0,blue,0.018961398041115206,0.053850370436767186
2021-05-11,0.0,275.0,149953.0,0.0,-0.04869693608355671,0.0,7.0,3529.0,blue,0.018961398041115206,0.0
2021-05-12,0.0,275.0,149953.0,0.0,0.0,0.0,7.0,3529.0,blue,0.018961398041115206,0.0
2021-05-13,843.0,232.0,150796.0,-0.002681137325983276,0.05256276199543957,26.0,8.0,3555.0,blue,0.016006115439968098,0.05816015222367718
2021-05-14,0.0,232.0,150796.0,0.0,-0.05256276199543957,0.0,8.0,3555.0,blue,0.016006115439968098,0.0
2021-05-15,0.0,232.0,150796.0,0.0,0.0,0.0,8.0,3555.0,blue,0.016006115439968098,0.0
2021-05-16,0.0,232.0,150796.0,0.0,0.0,0.0,8.0,3555.0,blue,0.016006115439968098,0.0
2021-05-17,658.0,214.0,151454.0,-0.0011223365550627666,0.041027636290627806,17.0,6.0,3572.0,blue,0.01477114050460701,0.04541780585061407
2021-05-18,0.0,214.0,151454.0,0.0,-0.041027636290627806,0.0,6.0,3572.0,blue,0.01477114050460701,0.0
2021-05-19,0.0,214.0,151454.0,0.0,0.0,0.0,6.0,3572.0,blue,0.01477114050460701,0.0
2021-05-20,495.0,165.0,151949.0,-0.0030552495110041985,0.030864255264226082,22.0,6.0,3594.0,blue,0.011393029123344386,0.034179087370033154
2021-05-21,0.0,165.0,151949.0,0.0,-0.030864255264226082,0.0,6.0,3594.0,blue,0.011393029123344386,0.0
2021-05-22,0.0,165.0,151949.0,0.0,0.0,0.0,6.0,3594.0,blue,0.011393029123344386,0.0
2021-05-23,0.0,165.0,151949.0,0.0,0.0,0.0,6.0,3594.0,blue,0.011393029123344386,0.0
2021-05-24,581.0,154.0,152530.0,-0.0006858723392050241,0.036226529916192636,21.0,6.0,3615.0,blue,0.010637915742181132,0.04013395484550154
2021-05-25,0.0,154.0,152530.0,0.0,-0.036226529916192636,0.0,6.0,3615.0,blue,0.010637915742181132,0.0
2021-05-26,0.0,154.0,152530.0,0.0,0.0,0.0,6.0,3615.0,blue,0.010637915742181132,0.0
2021-05-27,426.0,144.0,152956.0,-0.0006235203083682037,0.026561965136485476,23.0,6.0,3638.0,blue,0.009950228129709516,0.029436091550390647
2021-05-28,0.0,144.0,152956.0,0.0,-0.026561965136485476,29.0,10.0,3667.0,blue,0.009950427522882528,0.0
2021-05-29,0.0,144.0,152956.0,0.0,0.0,2.0,11.0,3669.0,blue,0.009950441274430406,0.0
2021-05-30,0.0,144.0,152956.0,0.0,0.0,0.0,11.0,3669.0,blue,0.009950441274430406,0.0
2021-05-31,0.0,61.0,152956.0,-0.0051752185594560905,0.0,0.0,8.0,3669.0,blue,0.004215117484307325,0.0
2021-06-01,352.0,111.0,153308.0,0.003117601541841019,0.021947914854560772,0.0,8.0,3669.0,blue,0.007671997898840216,0.02432921856208789
2021-06-02,0.0,111.0,153308.0,0.0,-0.021947914854560772,13.0,10.0,3682.0,blue,0.007672066834069783,0.0
2021-06-03,213.0,81.0,153521.0,-0.0018705609251046112,0.013280982568242738,10.0,8.0,3692.0,blue,0.005599398306631346,0.014724343695215764
2021-06-04,0.0,81.0,153521.0,0.0,-0.013280982568242738,9.0,5.0,3701.0,blue,0.005599433143805195,0.0
2021-06-05,0.0,81.0,153521.0,0.0,0.0,0.0,5.0,3701.0,blue,0.005599433143805195,0.0
2021-06-06,0.0,81.0,153521.0,0.0,0.0,0.0,5.0,3701.0,blue,0.005599433143805195,0.0
2021-06-07,203.0,110.0,153724.0,0.0018082088942677906,0.012657462259874536,4.0,5.0,3705.0,blue,0.0076052567534679975,0.014035155645036393
2021-06-08,0.0,59.0,153724.0,-0.003179953572677839,-0.012657462259874536,7.0,6.0,3712.0,blue,0.0040792029099235945,0.0
2021-06-09,0.0,59.0,153724.0,0.0,0.0,6.0,5.0,3718.0,blue,0.004079219831922315,0.0
2021-06-10,164.0,52.0,153888.0,-0.0004364642158577426,0.010225733057238541,4.0,4.0,3722.0,blue,0.003595662248381433,0.011340165552587598
2021-06-11,0.0,52.0,153888.0,0.0,-0.010225733057238541,4.0,4.0,3726.0,blue,0.0035956721936297132,0.0
2021-06-12,0.0,52.0,153888.0,0.0,0.0,0.0,4.0,3726.0,blue,0.0035956721936297132,0.0
2021-06-13,0.0,52.0,153888.0,0.0,0.0,0.0,4.0,3726.0,blue,0.0035956721936297132,0.0
2021-06-14,206.0,53.0,154094.0,6.235203083682038e-05,0.012844518352384995,8.0,4.0,3734.0,blue,0.00366536212048806,0.014246501826802649
2021-06-15,0.0,53.0,154094.0,0.0,-0.012844518352384995,3.0,4.0,3737.0,blue,0.0036653697251525967,0.0
2021-06-16,0.0,53.0,154094.0,0.0,0.0,2.0,3.0,3739.0,blue,0.0036653747949464857,0.0
2021-06-17,91.0,42.0,154185.0,-0.0006858723392050241,0.005674034806150654,6.0,3.0,3745.0,blue,0.002904831495566328,0.006293801573727044
2021-06-18,0.0,42.0,154185.0,0.0,-0.005674034806150654,0.0,3.0,3745.0,blue,0.002904831495566328,0.0
2021-06-19,0.0,42.0,154185.0,0.0,0.0,0.0,3.0,3745.0,blue,0.002904831495566328,0.0
2021-06-20,0.0,42.0,154185.0,0.0,0.0,0.0,3.0,3745.0,blue,0.002904831495566328,0.0
2021-06-21,101.0,27.0,154286.0,-0.0009352804625523056,0.006297555114518857,1.0,2.0,3746.0,blue,0.001867523421856249,0.006985920948425229
2021-06-22,0.0,27.0,154286.0,0.0,-0.006297555114518857,7.0,2.0,3753.0,blue,0.0018675324639393317,0.0
2021-06-23,0.0,27.0,154286.0,0.0,0.0,1.0,2.0,3754.0,blue,0.0018675337556726338,0.0
2021-06-24,187.0,41.0,154473.0,0.0008729284317154852,0.01165982976648541,2.0,2.0,3756.0,blue,0.0028362553681321114,0.012936091557090362
2021-06-25,0.0,41.0,154473.0,0.0,-0.01165982976648541,2.0,2.0,3758.0,blue,0.002836259292208035,0.0
2021-06-26,0.0,41.0,154473.0,0.0,0.0,0.0,2.0,3758.0,blue,0.002836259292208035,0.0
2021-06-27,0.0,41.0,154473.0,0.0,0.0,0.0,2.0,3758.0,blue,0.002836259292208035,0.0
2021-06-28,72.0,37.0,154545.0,-0.0002494081233472815,0.0044893462202510665,3.0,2.0,3761.0,red,0.0025596838721237284,0.00498100645386239
2021-06-29,0.0,37.0,154545.0,0.0,-0.0044893462202510665,1.0,1.0,3762.0,red,0.0025596856429307706,0.0
2021-06-30,0.0,37.0,154545.0,0.0,0.0,0.0,1.0,3762.0,red,0.0025596856429307706,0.0
2021-07-01,255.0,47.0,154800.0,0.0006235203083682037,0.015899767863389196,0.0,1.0,3762.0,red,0.003252066272959069,0.017644189353288566
2021-07-02,0.0,47.0,154800.0,0.0,-0.015899767863389196,0.0,1.0,3762.0,red,0.003252066272959069,0.0
2021-07-03,0.0,47.0,154800.0,0.0,0.0,0.0,1.0,3762.0,red,0.003252066272959069,0.0
2021-07-04,0.0,47.0,154800.0,0.0,0.0,0.0,1.0,3762.0,red,0.003252066272959069,0.0
2021-07-05,0.0,36.0,154800.0,-0.0006858723392050241,0.0,0.0,0.0,3762.0,red,0.0024909443792877975,0.0
2021-07-06,0.0,36.0,154800.0,0.0,0.0,1.0,0.0,3763.0,red,0.002490946102845629,0.0
2021-07-07,0.0,36.0,154800.0,0.0,0.0,1.0,0.0,3764.0,red,0.002490947826405846,0.0
2021-07-08,193.0,28.0,154993.0,-0.000498816246694563,0.012033941951506331,3.0,1.0,3767.0,red,0.0019376666479820237,0.01335605939501895
2021-07-09,0.0,28.0,154993.0,0.0,-0.012033941951506331,0.0,1.0,3767.0,red,0.0019376666479820237,0.0
2021-07-10,0.0,28.0,154993.0,0.0,0.0,0.0,1.0,3767.0,red,0.0019376666479820237,0.0
2021-07-11,0.0,28.0,154993.0,0.0,0.0,0.0,1.0,3767.0,red,0.0019376666479820237,0.0
2021-07-12,141.0,48.0,155134.0,0.0012470406167364074,0.008791636347991672,3.0,1.0,3770.0,red,0.0033220453002402255,0.009758508069455663
2021-07-13,0.0,48.0,155134.0,0.0,-0.008791636347991672,3.0,1.0,3773.0,red,0.003322052197745157,0.0
2021-07-14,0.0,48.0,155134.0,0.0,0.0,0.0,1.0,3773.0,red,0.003322052197745157,0.0
2021-07-15,0.0,20.0,155134.0,-0.0017458568634309704,0.0,1.0,1.0,3774.0,red,0.0013841893737165968,0.0
2021-07-16,0.0,20.0,155134.0,0.0,0.0,0.0,1.0,3774.0,red,0.0013841893737165968,0.0
2021-07-17,0.0,20.0,155134.0,0.0,0.0,0.0,1.0,3774.0,red,0.0013841893737165968,0.0
2021-07-18,0.0,20.0,155134.0,0.0,0.0,0.0,1.0,3774.0,red,0.0013841893737165968,0.0
2021-07-19,474.0,68.0,155608.0,0.0029928974801673777,0.029554862616652855,0.0,1.0,3774.0,red,0.004707788274145588,0.032816053558014834
2021-07-20,0.0,68.0,155608.0,0.0,-0.029554862616652855,2.0,0.0,3776.0,red,0.004707794792763565,0.0
2021-07-21,0.0,68.0,155608.0,0.0,0.0,0.0,0.0,3776.0,red,0.004707794792763565,0.0
2021-07-22,251.0,104.0,155859.0,0.0022446731101255332,0.015650359740041912,2.0,1.0,3778.0,red,0.0072014181254154664,0.017380345668070018
2021-07-23,0.0,104.0,155859.0,0.0,-0.015650359740041912,1.0,1.0,3779.0,red,0.007201423111998055,0.0
2021-07-24,0.0,104.0,155859.0,0.0,0.0,0.0,1.0,3779.0,red,0.007201423111998055,0.0
2021-07-25,0.0,104.0,155859.0,0.0,0.0,0.0,1.0,3779.0,red,0.007201423111998055,0.0
2021-07-26,381.0,90.0,156240.0,-0.0008729284317154852,0.023756123748828562,1.0,1.0,3780.0,red,0.0062336496564220105,0.026389116878853175
2021-07-27,0.0,90.0,156240.0,0.0,-0.023756123748828562,0.0,1.0,3780.0,red,0.0062336496564220105,0.0
2021-07-28,0.0,90.0,156240.0,0.0,0.0,3.0,1.0,3783.0,red,0.0062336626092449375,0.0
2021-07-29,448.0,118.0,156688.0,0.0017458568634309704,0.027933709814895527,1.0,1.0,3784.0,red,0.008175566833526752,0.031039440181525296
2021-07-30,0.0,118.0,156688.0,0.0,-0.027933709814895527,1.0,1.0,3785.0,red,0.008175572497928392,0.0
2021-07-31,0.0,118.0,156688.0,0.0,0.0,0.0,1.0,3785.0,red,0.008175572497928392,0.0
2021-08-01,0.0,118.0,156688.0,0.0,0.0,0.0,1.0,3785.0,red,0.008175572497928392,0.0
2021-08-02,586.0,148.0,157274.0,0.0018705609251046112,0.03653829007037673,-1.0,1.0,3784.0,red,0.01025826570155794,0.04061718716968211
2021-08-03,0.0,148.0,157274.0,0.0,-0.03653829007037673,0.0,1.0,3784.0,red,0.01025826570155794,0.0
2021-08-04,475.0,216.0,157749.0,0.004239938096903785,0.029617214647489676,4.0,1.0,3788.0,red,0.014976495222775367,0.03293442236489953
2021-08-05,202.0,180.0,157951.0,-0.0022446731101255332,-0.01702210441845196,1.0,1.0,3789.0,red,0.012482169567499759,0.014007768070194174
2021-08-06,178.0,206.0,158129.0,0.0016211528017573296,-0.0014964487400836888,2.0,1.0,3791.0,red,0.014286932935333597,0.012345019720822234
2021-08-07,0.0,206.0,158129.0,0.0,-0.011098661488954026,0.0,1.0,3791.0,red,0.014286932935333597,0.0
2021-08-08,0.0,206.0,158129.0,0.0,0.0,0.0,1.0,3791.0,red,0.014286932935333597,0.0
2021-08-09,519.0,196.0,158648.0,-0.0006235203083682037,0.03236070400430977,2.0,1.0,3793.0,red,0.013598306039590497,0.03600775935993606
2021-08-10,229.0,229.0,158877.0,0.0020576170176150725,-0.018082088942677908,0.0,1.0,3793.0,red,0.015890341378657122,0.015890341378657122
2021-08-11,193.0,189.0,159070.0,-0.002494081233472815,-0.0022446731101255332,1.0,1.0,3794.0,red,0.013116501600004998,0.01339409951746542
2021-08-12,364.0,212.0,159434.0,0.0014340967092468684,0.010662197273096283,0.0,1.0,3794.0,red,0.014716407197433792,0.02526779348993349
2021-08-13,388.0,242.0,159822.0,0.0018705609251046112,0.0014964487400836888,4.0,1.0,3798.0,red,0.016803490126560832,0.026941132930188443
2021-08-14,0.0,242.0,159822.0,0.0,-0.024192587964686305,0.0,1.0,3798.0,red,0.016803490126560832,0.0
2021-08-15,0.0,242.0,159822.0,0.0,0.0,0.0,1.0,3798.0,red,0.016803490126560832,0.0
2021-08-16,544.0,245.0,160366.0,0.0001870560925104611,0.03391950477523028,0.0,1.0,3798.0,green,0.01701822617292046,0.037787408318647873
2021-08-17,310.0,257.0,160676.0,0.0007482243700418444,-0.014590375215815967,3.0,1.0,3801.0,green,0.01785565405886113,0.021537948475669064
2021-08-18,364.0,281.0,161040.0,0.0014964487400836888,0.0033670096651882996,1.0,1.0,3802.0,green,0.019528060293754843,0.025296135042443997
2021-08-19,823.0,347.0,161863.0,0.004115234035230145,0.028619582154100553,3.0,2.0,3805.0,green,0.024128572610662882,0.057227133310016005
2021-08-20,416.0,351.0,162279.0,0.0002494081233472815,-0.025377276550585894,1.0,1.0,3806.0,green,0.02441379080093927,0.02893486317148358
2021-08-21,0.0,351.0,162279.0,0.0,-0.025938444828117274,0.0,1.0,3806.0,green,0.02441379080093927,0.0
2021-08-22,0.0,351.0,162279.0,0.0,0.0,0.0,1.0,3806.0,green,0.02441379080093927,0.0
2021-08-23,739.0,379.0,163018.0,0.0017458568634309704,0.04607815078841026,1.0,1.0,3807.0,green,0.026374905008587503,0.0514275852278263
2021-08-24,304.0,378.0,163322.0,-6.235203083682038e-05,-0.027123133414016863,2.0,1.0,3809.0,green,0.026310917081632055,0.02116010262649774
2021-08-25,722.0,429.0,164044.0,0.003179953572677839,0.026063148889790912,4.0,2.0,3813.0,green,0.029875900107246823,0.05028065239494686
2021-08-26,403.0,369.0,164447.0,-0.0037411218502092225,-0.019890297836945698,0.0,1.0,3813.0,green,0.02570466661604682,0.028073118282566038
2021-08-27,282.0,350.0,164729.0,-0.001184688585899587,-0.007544595731255266,3.0,1.0,3816.0,green,0.024385961489689616,0.019648117543121346
2021-08-28,0.0,350.0,164729.0,0.0,-0.017583272695983344,0.0,1.0,3816.0,green,0.024385961489689616,0.0
2021-08-29,0.0,350.0,164729.0,0.0,0.0,0.0,1.0,3816.0,green,0.024385961489689616,0.0
2021-08-30,747.0,351.0,165476.0,6.235203083682038e-05,0.04657696703510482,4.0,2.0,3820.0,green,0.024468438850861727,0.05207385704157753
2021-08-31,285.0,348.0,165761.0,-0.0001870560925104611,-0.028806638246611012,2.0,2.0,3822.0,green,0.024264161415242076,0.019871511503862044
2021-09-01,231.0,278.0,165992.0,-0.004364642158577426,-0.0033670096651882996,0.0,1.0,3822.0,green,0.019386561765376578,0.016108977582021546
2021-09-02,721.0,324.0,166713.0,0.002868193418493737,0.03055249511004198,12.0,3.0,3834.0,green,0.02260596546310832,0.0503052503052503
2021-09-03,0.0,283.0,166713.0,-0.0025564332643096353,-0.04495581423334749,4.0,3.0,3838.0,green,0.019745389137663737,0.0
2021-09-04,0.0,283.0,166713.0,0.0,0.0,0.0,3.0,3838.0,green,0.019745389137663737,0.0
2021-09-05,0.0,283.0,166713.0,0.0,0.0,0.0,3.0,3838.0,green,0.019745389137663737,0.0
2021-09-06,0.0,177.0,166713.0,-0.006609315268702959,0.0,0.0,3.0,3838.0,green,0.012349589672673078,0.0
2021-09-07,1252.0,315.0,167965.0,0.008604580255481211,0.0780647426076991,2.0,3.0,3840.0,green,0.02199732959402008,0.08743065603718457
2021-09-08,156.0,304.0,168121.0,-0.0006858723392050241,-0.06833782579715512,4.0,3.0,3844.0,green,0.021231541130523692,0.010895132948558211
2021-09-09,102.0,216.0,168223.0,-0.005486978713640193,-0.0033670096651882996,1.0,2.0,3845.0,green,0.01508665396873291,0.007124253263012763
2021-09-10,326.0,262.0,168549.0,0.002868193418493737,0.013966854907447764,4.0,2.0,3849.0,green,0.0183037713453761,0.02277492159768171
2021-09-11,0.0,262.0,168549.0,0.0,-0.02032676205280344,0.0,2.0,3849.0,green,0.0183037713453761,0.0
2021-09-12,0.0,262.0,168549.0,0.0,0.0,0.0,2.0,3849.0,green,0.0183037713453761,0.0
2021-09-13,833.0,381.0,169382.0,0.007419891669581624,0.05193924168707136,3.0,2.0,3852.0,green,0.026632871114379442,0.05822882319758026
2021-09-14,183.0,229.0,169565.0,-0.009477508687196696,-0.04052882004393324,7.0,3.0,3859.0,green,0.016009810028572966,0.012793865656021192
2021-09-15,419.0,266.0,169984.0,0.0023070251409623536,0.014715079277489608,6.0,3.0,3865.0,green,0.01860207504049098,0.029301764819420005
2021-09-16,348.0,301.0,170332.0,0.002182321079288713,-0.004426994189414246,6.0,4.0,3871.0,green,0.021054928881906333,0.02434257558439669
2021-09-17,371.0,308.0,170703.0,0.0004364642158577426,0.0014340967092468684,2.0,3.0,3873.0,green,0.021550201123549124,0.025958196807911442
2021-09-18,0.0,308.0,170703.0,0.0,-0.023132603440460357,0.0,3.0,3873.0,green,0.021550201123549124,0.0
2021-09-19,0.0,308.0,170703.0,0.0,0.0,0.0,3.0,3873.0,green,0.021550201123549124,0.0
2021-09-20,653.0,282.0,171356.0,-0.0016211528017573296,0.0407158761364437,4.0,4.0,3877.0,green,0.019740102648533774,0.045710237693236004
2021-09-21,373.0,309.0,171729.0,0.0016835048325941498,-0.017458568634309703,5.0,3.0,3882.0,green,0.021635837348916737,0.026117046379113086
2021-09-22,403.0,307.0,172132.0,-0.00012470406167364075,0.0018705609251046112,4.0,3.0,3886.0,green,0.021501927118972895,0.028225656771811325
2021-09-23,373.0,310.0,172505.0,0.0001870560925104611,-0.0018705609251046112,3.0,3.0,3889.0,green,0.021717762958323613,0.026131372849853896
2021-09-24,387.0,313.0,172892.0,0.0001870560925104611,0.0008729284317154852,3.0,3.0,3892.0,green,0.021933927721751657,0.02711958475500924
2021-09-25,0.0,313.0,172892.0,0.0,-0.024130235933849484,0.0,3.0,3892.0,green,0.021933927721751657,0.0
2021-09-26,0.0,313.0,172892.0,0.0,0.0,0.0,3.0,3892.0,green,0.021933927721751657,0.0
2021-09-27,559.0,299.0,173451.0,-0.0008729284317154852,0.034854785237782585,9.0,3.0,3901.0,green,0.020961200747312374,0.03918833183193183
2021-09-28,420.0,306.0,173871.0,0.0004364642158577426,-0.008666932286318032,0.0,3.0,3901.0,green,0.021458249329429708,0.029452499079609402
2021-09-29,270.0,287.0,174141.0,-0.001184688585899587,-0.009352804625523055,10.0,4.0,3911.0,green,0.020129826862447353,0.018937467780002736
2021-09-30,337.0,282.0,174478.0,-0.00031176015418410186,0.004177586066066965,4.0,4.0,3915.0,green,0.019783864785001305,0.02364241997356539
2021-10-01,382.0,281.0,174860.0,-6.235203083682038e-05,0.002805841387656917,1.0,3.0,3916.0,green,0.01971900764971183,0.02680662249889651
2021-10-02,0.0,281.0,174860.0,0.0,-0.02381847577966538,0.0,3.0,3916.0,green,0.01971900764971183,0.0
2021-10-03,0.0,281.0,174860.0,0.0,0.0,0.0,3.0,3916.0,green,0.01971900764971183,0.0
2021-10-04,626.0,291.0,175486.0,0.0006235203083682037,0.03903237130384955,3.0,3.0,3919.0,green,0.020429769333161096,0.04394857595381047
2021-10-05,318.0,276.0,175804.0,-0.0009352804625523056,-0.019204425497740676,4.0,3.0,3923.0,green,0.019381069750784723,0.022330362973730224
2021-10-06,398.0,294.0,176202.0,0.0011223365550627666,0.00498816246694563,4.0,2.0,3927.0,green,0.020650882087677746,0.027955956023454905
2021-10-07,295.0,288.0,176497.0,-0.0003741121850209222,-0.006422259176192498,6.0,3.0,3933.0,green,0.020233713441438504,0.02072550508758458
2021-10-08,256.0,270.0,176753.0,-0.0011223365550627666,-0.0024317292026359945,3.0,3.0,3936.0,green,0.018972558653313733,0.01798879635277154
2021-10-09,0.0,270.0,176753.0,0.0,-0.015962119894226016,0.0,3.0,3936.0,green,0.018972558653313733,0.0
2021-10-10,0.0,270.0,176753.0,0.0,0.0,0.0,3.0,3936.0,green,0.018972558653313733,0.0
2021-10-11,0.0,181.0,176753.0,-0.005549330744477013,0.0,0.0,2.0,3936.0,green,0.012718641171295501,0.0
2021-10-12,898.0,264.0,177651.0,0.0051752185594560905,0.055992123691464696,14.0,4.0,3950.0,green,0.01856284225240403,0.06314178917673795
2021-10-13,338.0,255.0,177989.0,-0.0005611682775313833,-0.034917137268619405,5.0,4.0,3955.0,green,0.017934343423687257,0.023771796381201152
2021-10-14,451.0,278.0,178440.0,0.0014340967092468684,0.007045779484560703,7.0,4.0,3962.0,green,0.01955825087326183,0.03172939260374491
2021-10-15,283.0,281.0,178723.0,0.0001870560925104611,-0.010475141180585823,4.0,4.0,3966.0,green,0.019773303647576398,0.019914038904854523
